designation,is_welded,is_circular,h,b,t,A,Iy,Wel_y,Wpl_y,Iz,Wel_z,Wpl_z,It,Av_y,Av_z
Tca 20 x 20 x 1.5,0,0,20.0,20.0,1.5,0.000105,5.8e-09,5.8e-07,7.2e-07,5.8e-09,5.8e-07,7.2e-07,9.8e-09,5.250000000000001e-05,5.250000000000001e-05
Tca 20 x 20 x 2,0,0,20.0,20.0,2.0,0.000134,6.9e-09,6.9e-07,8.799999999999999e-07,6.9e-09,6.9e-07,8.799999999999999e-07,1.21e-08,6.7e-05,6.7e-05
Tca 25 x 25 x 2,0,0,25.0,25.0,2.0,0.000174,1.48e-08,1.1899999999999998e-06,1.47e-06,1.48e-08,1.1899999999999998e-06,1.47e-06,2.53e-08,8.7e-05,8.7e-05
Tca 25 x 25 x 2.5,0,0,25.0,25.0,2.5,0.0002089999999999,1.69e-08,1.35e-06,1.71e-06,1.69e-08,1.35e-06,1.71e-06,2.97e-08,0.0001044999999999,0.0001044999999999
Tca 25 x 25 x 3,0,0,25.0,25.0,3.0,0.000241,1.8400000000000006e-08,1.47e-06,1.91e-06,1.8400000000000006e-08,1.47e-06,1.91e-06,3.33e-08,0.0001205,0.0001205
Tca 30 x 30 x 1.5,0,0,30.0,30.0,1.5,0.000165,2.2000000000000002e-08,1.46e-06,1.74e-06,2.2000000000000002e-08,1.46e-06,1.74e-06,3.57e-08,8.249999999999999e-05,8.249999999999999e-05
Tca 30 x 30 x 2,0,0,30.0,30.0,2.0,0.000214,2.7200000000000002e-08,1.81e-06,2.21e-06,2.7200000000000002e-08,1.81e-06,2.21e-06,4.54e-08,0.000107,0.000107
Tca 30 x 30 x 2.5,0,0,30.0,30.0,2.5,0.000259,3.1600000000000005e-08,2.1e-06,2.61e-06,3.1600000000000005e-08,2.1e-06,2.61e-06,5.4000000000000014e-08,0.0001295,0.0001295
Tca 30 x 30 x 3,0,0,30.0,30.0,3.0,0.000301,3.5e-08,2.34e-06,2.96e-06,3.5e-08,2.34e-06,2.96e-06,6.15e-08,0.0001505,0.0001505
Tca 35 x 35 x 2,0,0,35.0,35.0,2.0,0.000254,4.51e-08,2.58e-06,3.09e-06,4.51e-08,2.58e-06,3.09e-06,7.410000000000002e-08,0.000127,0.000127
Tca 35 x 35 x 2.5,0,0,35.0,35.0,2.5,0.000309,5.2900000000000004e-08,3.02e-06,3.69e-06,5.2900000000000004e-08,3.02e-06,3.69e-06,8.890000000000002e-08,0.0001545,0.0001545
Tca 35 x 35 x 3,0,0,35.0,35.0,3.0,0.000361,5.9500000000000003e-08,3.4e-06,4.23e-06,5.9500000000000003e-08,3.4e-06,4.23e-06,1.02e-07,0.0001805,0.0001805
Tca 40 x 40 x 2,0,0,40.0,40.0,2.0,0.000294,6.94e-08,3.47e-06,4.129999999999999e-06,6.94e-08,3.47e-06,4.129999999999999e-06,1.128e-07,0.000147,0.000147
Tca 40 x 40 x 2.5,0,0,40.0,40.0,2.5,0.000359,8.210000000000001e-08,4.1100000000000005e-06,4.97e-06,8.210000000000001e-08,4.1100000000000005e-06,4.97e-06,1.361e-07,0.0001795,0.0001795
Tca 40 x 40 x 3,0,0,40.0,40.0,3.0,0.000421,9.32e-08,4.66e-06,5.72e-06,9.32e-08,4.66e-06,5.72e-06,1.575e-07,0.0002105,0.0002105
Tca 40 x 40 x 4,0,0,40.0,40.0,4.0,0.000535,1.108e-07,5.54e-06,7.01e-06,1.108e-07,5.54e-06,7.01e-06,1.9440000000000002e-07,0.0002675,0.0002675
Tca 40 x 40 x 5,0,0,40.0,40.0,5.0,0.000636,1.23e-07,6.13e-06,8.02e-06,1.23e-07,6.13e-06,8.02e-06,2.2300000000000002e-07,0.000318,0.000318
Tca 45 x 45 x 2,0,0,45.0,45.0,2.0,0.000334,1.01e-07,4.5e-06,5.32e-06,1.01e-07,4.5e-06,5.32e-06,1.6300000000000004e-07,0.000167,0.000167
Tca 45 x 45 x 2.5,0,0,45.0,45.0,2.5,0.000409,1.21e-07,5.36e-06,6.429999999999999e-06,1.21e-07,5.36e-06,6.429999999999999e-06,1.98e-07,0.0002045,0.0002045
Tca 45 x 45 x 3,0,0,45.0,45.0,3.0,0.000481,1.3800000000000004e-07,6.12e-06,7.44e-06,1.3800000000000004e-07,6.12e-06,7.44e-06,2.3e-07,0.0002404999999999,0.0002404999999999
Tca 45 x 45 x 4,0,0,45.0,45.0,4.0,0.000615,1.6600000000000006e-07,7.38e-06,9.22e-06,1.6600000000000006e-07,7.38e-06,9.22e-06,2.87e-07,0.0003075,0.0003075
Tca 50 x 50 x 2,0,0,50.0,50.0,2.0,0.000374,1.4150000000000004e-07,5.66e-06,6.66e-06,1.4150000000000004e-07,5.66e-06,6.66e-06,2.263e-07,0.000187,0.000187
Tca 50 x 50 x 2.5,0,0,50.0,50.0,2.5,0.000459,1.6940000000000002e-07,6.78e-06,8.07e-06,1.6940000000000002e-07,6.78e-06,8.07e-06,2.753000000000001e-07,0.0002295,0.0002295
Tca 50 x 50 x 3,0,0,50.0,50.0,3.0,0.000541,1.947e-07,7.79e-06,9.39e-06,1.947e-07,7.79e-06,9.39e-06,3.2130000000000005e-07,0.0002705,0.0002705
Tca 50 x 50 x 4,0,0,50.0,50.0,4.0,0.000695,2.374e-07,9.49e-06,1.173e-05,2.374e-07,9.49e-06,1.173e-05,4.0420000000000003e-07,0.0003475,0.0003475
Tca 50 x 50 x 5,0,0,50.0,50.0,5.0,0.0008359999999999,2.704e-07,1.082e-05,1.37e-05,2.704e-07,1.082e-05,1.37e-05,4.7460000000000003e-07,0.0004179999999999,0.0004179999999999
Tca 60 x 60 x 2,0,0,60.0,60.0,2.0,0.000454,2.514e-07,8.380000000000001e-06,9.79e-06,2.514e-07,8.380000000000001e-06,9.79e-06,3.979e-07,0.000227,0.000227
Tca 60 x 60 x 3,0,0,60.0,60.0,3.0,0.000661,3.513000000000001e-07,1.171e-05,1.395e-05,3.513000000000001e-07,1.171e-05,1.395e-05,5.709e-07,0.0003305,0.0003305
Tca 60 x 60 x 4,0,0,60.0,60.0,4.0,0.000855,4.355e-07,1.4519999999999998e-05,1.764e-05,4.355e-07,1.4519999999999998e-05,1.764e-05,7.264e-07,0.0004275,0.0004275
Tca 60 x 60 x 5,0,0,60.0,60.0,5.0,0.001036,5.05e-07,1.6829999999999996e-05,2.088e-05,5.05e-07,1.6829999999999996e-05,2.088e-05,8.642e-07,0.000518,0.000518
Tca 70 x 70 x 2,0,0,70.0,70.0,2.0,0.000534,4.0700000000000003e-07,1.16e-05,1.35e-05,4.0700000000000003e-07,1.16e-05,1.35e-05,6.4e-07,0.000267,0.000267
Tca 70 x 70 x 3,0,0,70.0,70.0,3.0,0.000781,5.752e-07,1.6440000000000002e-05,1.941e-05,5.752e-07,1.6440000000000002e-05,1.941e-05,9.242e-07,0.0003905,0.0003905
Tca 70 x 70 x 4,0,0,70.0,70.0,4.0,0.001015,7.212000000000001e-07,2.06e-05,2.475e-05,7.212000000000001e-07,2.06e-05,2.475e-05,1.1852e-06,0.0005075,0.0005075
Tca 70 x 70 x 5,0,0,70.0,70.0,5.0,0.001236,8.463e-07,2.418e-05,2.955e-05,8.463e-07,2.418e-05,2.955e-05,1.4221e-06,0.000618,0.000618
Tca 80 x 80 x 2,0,0,80.0,80.0,2.0,0.000614,6.170000000000001e-07,1.5399999999999998e-05,1.78e-05,6.170000000000001e-07,1.5399999999999998e-05,1.78e-05,9.63e-07,0.000307,0.000307
Tca 80 x 80 x 3,0,0,80.0,80.0,3.0,0.000901,8.784e-07,2.196e-05,2.578e-05,8.784e-07,2.196e-05,2.578e-05,1.3993e-06,0.0004505,0.0004505
Tca 80 x 80 x 3.5,0,0,80.0,80.0,3.5,0.00104,9.98e-07,2.5e-05,2.95e-05,9.98e-07,2.5e-05,2.95e-05,1.61e-06,0.00052,0.00052
Tca 80 x 80 x 4,0,0,80.0,80.0,4.0,0.001175,1.1104e-06,2.776e-05,3.307e-05,1.1104e-06,2.776e-05,3.307e-05,1.8044e-06,0.0005875,0.0005875
Tca 80 x 80 x 5,0,0,80.0,80.0,5.0,0.001436,1.3144e-06,3.286e-05,3.973e-05,1.3144e-06,3.286e-05,3.973e-05,2.1783e-06,0.000718,0.000718
Tca 80 x 80 x 6,0,0,80.0,80.0,6.0,0.0016829999999999,1.4918e-06,3.729e-05,4.578e-05,1.4918e-06,3.729e-05,4.578e-05,2.5207e-06,0.0008414999999999,0.0008414999999999
Tca 90 x 90 x 3,0,0,90.0,90.0,3.0,0.001021,1.2728e-06,2.828e-05,3.3039999999999995e-05,1.2728e-06,2.828e-05,3.3039999999999995e-05,2.0142e-06,0.0005105,0.0005105
Tca 90 x 90 x 4,0,0,90.0,90.0,4.0,0.001335,1.6191e-06,3.598e-05,4.258e-05,1.6191e-06,3.598e-05,4.258e-05,2.6080000000000003e-06,0.0006675,0.0006675
Tca 90 x 90 x 5,0,0,90.0,90.0,5.0,0.001636,1.9292e-06,4.287e-05,5.141e-05,1.9292e-06,4.287e-05,5.141e-05,3.1626e-06,0.000818,0.000818
Tca 90 x 90 x 6,0,0,90.0,90.0,6.0,0.001923,2.2047e-06,4.899e-05,5.954e-05,2.2047e-06,4.899e-05,5.954e-05,3.6776e-06,0.0009615,0.0009615
Tca 100 x 100 x 3,0,0,100.0,100.0,3.0,0.001141,1.7704e-06,3.5409999999999995e-05,4.121e-05,1.7704e-06,3.5409999999999995e-05,4.121e-05,2.7868e-06,0.0005705,0.0005705
Tca 100 x 100 x 4,0,0,100.0,100.0,4.0,0.001495,2.2634e-06,4.527e-05,5.33e-05,2.2634e-06,4.527e-05,5.33e-05,3.6201e-06,0.0007475,0.0007475
Tca 100 x 100 x 5,0,0,100.0,100.0,5.0,0.001836,2.7109e-06,5.422e-05,6.459e-05,2.7109e-06,5.422e-05,6.459e-05,4.4052e-06,0.000918,0.000918
Tca 100 x 100 x 6,0,0,100.0,100.0,6.0,0.002163,3.1146e-06,6.229e-05,7.509e-05,3.1146e-06,6.229e-05,7.509e-05,5.1416e-06,0.0010815,0.0010815
Tca 100 x 100 x 7,0,0,100.0,100.0,7.0,0.00244,3.37e-06,6.74e-05,8.27e-05,3.37e-06,6.74e-05,8.27e-05,5.83e-06,0.00122,0.00122
Tca 120 x 120 x 3,0,0,120.0,120.0,3.0,0.001381,3.1233e-06,5.206e-05,6.022999999999999e-05,3.1233e-06,5.206e-05,6.022999999999999e-05,4.8772000000000005e-06,0.0006905,0.0006905
Tca 120 x 120 x 4,0,0,120.0,120.0,4.0,0.001815,4.0226e-06,6.704000000000001e-05,7.832e-05,4.0226e-06,6.704000000000001e-05,7.832e-05,6.365700000000001e-06,0.0009075,0.0009075
Tca 120 x 120 x 5,0,0,120.0,120.0,5.0,0.002236,4.8545e-06,8.091e-05,9.544e-05,4.8545e-06,8.091e-05,9.544e-05,7.785000000000001e-06,0.001118,0.001118
Tca 120 x 120 x 6,0,0,120.0,120.0,6.0,0.002643,5.6213e-06,9.369e-05,0.0001115999999999,5.6213e-06,9.369e-05,0.0001115999999999,9.1346e-06,0.0013215,0.0013215
Tca 120 x 120 x 7,0,0,120.0,120.0,7.0,0.003,6.17e-06,0.000103,0.000124,6.17e-06,0.000103,0.000124,1.044e-05,0.0015,0.0015
Tca 140 x 140 x 3,0,0,140.0,140.0,3.0,0.00162,5.03e-06,7.19e-05,8.29e-05,5.03e-06,7.19e-05,8.29e-05,7.81e-06,0.00081,0.00081
Tca 140 x 140 x 4,0,0,140.0,140.0,4.0,0.002135,6.515900000000001e-06,9.308e-05,0.00010815,6.515900000000001e-06,9.308e-05,0.00010815,1.02332e-05,0.0010675,0.0010675
Tca 140 x 140 x 5,0,0,140.0,140.0,5.0,0.002636,7.9052e-06,0.00011293,0.0001323,7.9052e-06,0.00011293,0.0001323,1.25576e-05,0.001318,0.001318
Tca 140 x 140 x 6,0,0,140.0,140.0,6.0,0.003123,9.2038e-06,0.0001314799999999,0.00015532,9.2038e-06,0.0001314799999999,0.00015532,1.47877e-05,0.0015615,0.0015615
Tca 150 x 150 x 3,0,0,150.0,150.0,3.0,0.00174,6.2300000000000005e-06,8.3e-05,9.55e-05,6.2300000000000005e-06,8.3e-05,9.55e-05,9.65e-06,0.00087,0.00087
Tca 150 x 150 x 4,0,0,150.0,150.0,4.0,0.002295,8.077799999999999e-06,0.0001077,0.00012486,8.077799999999999e-06,0.0001077,0.00012486,1.26476e-05,0.0011475,0.0011475
Tca 150 x 150 x 5,0,0,150.0,150.0,5.0,0.002836,9.8207e-06,0.00013094,0.00015297,9.8207e-06,0.00013094,0.00015297,1.55413e-05,0.001418,0.001418
Tca 150 x 150 x 6,0,0,150.0,150.0,6.0,0.003363,1.14584e-05,0.0001527799999999,0.00017987,1.14584e-05,0.0001527799999999,0.00017987,1.83269e-05,0.0016815,0.0016815
Tca 160 x 160 x 4,0,0,160.0,160.0,4.0,0.002455,9.8713e-06,0.00012339,0.0001427799999999,9.8713e-06,0.00012339,0.0001427799999999,1.54145e-05,0.0012275,0.0012275
Tca 160 x 160 x 5,0,0,160.0,160.0,5.0,0.003036,1.2023e-05,0.0001502899999999,0.00017515,1.2023e-05,0.0001502899999999,0.00017515,1.89632e-05,0.001518,0.001518
Tca 160 x 160 x 6,0,0,160.0,160.0,6.0,0.003603,1.4054100000000002e-05,0.00017568,0.0002062299999999,1.4054100000000002e-05,0.00017568,0.0002062299999999,2.2389e-05,0.0018015,0.0018015
Tca 180 x 180 x 4,0,0,180.0,180.0,4.0,0.002775,1.42169e-05,0.0001579699999999,0.0001821999999999,1.42169e-05,0.0001579699999999,0.0001821999999999,2.21016e-05,0.0013875,0.0013875
Tca 180 x 180 x 5,0,0,180.0,180.0,5.0,0.003436,1.73679e-05,0.0001929799999999,0.00022401,1.73679e-05,0.0001929799999999,0.00022401,2.72416e-05,0.001718,0.001718
Tca 180 x 180 x 6,0,0,180.0,180.0,6.0,0.004083,2.03642e-05,0.00022627,0.0002643399999999,2.03642e-05,0.00022627,0.0002643399999999,3.22265e-05,0.0020415,0.0020415
Tca 180 x 180 x 8,0,0,180.0,180.0,8.0,0.005284,2.54574e-05,0.00028286,0.00033567,2.54574e-05,0.00028286,0.00033567,4.18856e-05,0.002642,0.002642
Tca 200 x 200 x 4,0,0,200.0,200.0,4.0,0.003095,1.96807e-05,0.0002399999999999,0.0002749999999999,1.96807e-05,0.0002399999999999,0.0002749999999999,4.076e-05,0.0015475,0.0015475
Tca 200 x 200 x 5,0,0,200.0,200.0,5.0,0.003836,2.40999e-05,0.0001968099999999,0.0002264299999999,2.40999e-05,0.0001968099999999,0.0002264299999999,3.04866e-05,0.001918,0.001918
Tca 200 x 200 x 6,0,0,200.0,200.0,6.0,0.004563,2.83262e-05,0.0002409999999999,0.00027886,2.83262e-05,0.0002409999999999,0.00027886,3.7633e-05,0.0022815,0.0022815
Tca 220 x 220 x 4,0,0,220.0,220.0,4.0,0.00341,2.639e-05,0.0002832599999999,0.0003296499999999,2.639e-05,0.0002832599999999,0.0003296499999999,4.458810000000001e-05,0.001705,0.001705
Tca 250 x 250 x 4,0,0,250.0,250.0,4.0,0.00389,3.907e-05,0.0003129999999999,0.000358,3.907e-05,0.0003129999999999,0.000358,6.014e-05,0.001945,0.001945
Tca 260 x 260 x 4,0,0,260.0,260.0,4.0,0.00405,4.406e-05,0.000339,0.000388,4.406e-05,0.000339,0.000388,6.775000000000001e-05,0.002025,0.002025
Tca 260 x 260 x 5,0,0,260.0,260.0,5.0,0.00504,5.422e-05,0.000417,0.000479,5.422e-05,0.000417,0.000479,8.388e-05,0.00252,0.00252
Tca 300 x 300 x 5,0,0,300.0,300.0,5.0,0.00584,8.417e-05,0.000561,0.000643,8.417e-05,0.000561,0.000643,0.00012968,0.00292,0.00292
Tca 325 x 325 x 5,0,0,325.0,325.0,5.0,0.00634,0.00010757,0.0006619999999999,0.000758,0.00010757,0.0006619999999999,0.000758,0.0001654,0.00317,0.00317
Tca 325 x 325 x 6,0,0,325.0,325.0,6.0,0.00756,0.00012748,0.000784,0.000901,0.00012748,0.000784,0.000901,0.00019698,0.00378,0.00378
Tca 325 x 325 x 8,0,0,325.0,325.0,8.0,0.00992,0.00016427,0.001011,0.001171,0.00016427,0.001011,0.001171,0.00025956,0.00496,0.00496
Tca 325 x 325 x 10,0,0,325.0,325.0,10.0,0.0123,0.00019966,0.0012289999999999,0.001433,0.00019966,0.0012289999999999,0.001433,0.0003195,0.00615,0.00615
Tca 400 x 400 x 8,0,0,400.0,400.0,8.0,0.0123,0.00031269,0.001563,0.0018,0.00031269,0.001563,0.0018,0.00048934,0.00615,0.00615
Tre 30 x 20 x 2,0,0,30.0,20.0,2.0,0.000174,1.94e-08,1.29e-06,1.65e-06,1.02e-08,1.02e-06,1.24e-06,2.29e-08,6.96e-05,0.0001043999999999
Tre 35 x 20 x 2,0,0,35.0,20.0,2.0,0.000194,2.87e-08,1.6399999999999998e-06,2.1e-06,1.18e-08,1.18e-06,1.42e-06,2.87e-08,7.054545454545454e-05,0.0001234545454545
Tre 40 x 20 x 2,0,0,40.0,20.0,2.0,0.000214,4.05e-08,2.02e-06,2.61e-06,1.3400000000000001e-08,1.34e-06,1.6e-06,3.5e-08,7.133333333333335e-05,0.0001426666666666
Tre 40 x 20 x 2.5,0,0,40.0,20.0,2.5,0.000259,4.69e-08,2.35e-06,3.09e-06,1.5400000000000002e-08,1.54e-06,1.88e-06,4.1e-08,8.633333333333335e-05,0.0001726666666666
Tre 40 x 27 x 2,0,0,40.0,27.0,2.0,0.000242,5.06e-08,2.5299999999999995e-06,3.15e-06,2.73e-08,2.03e-06,2.39e-06,5.91e-08,9.752238805970148e-05,0.0001444776119402
Tre 40 x 27 x 2.5,0,0,40.0,27.0,2.5,0.000294,5.93e-08,2.96e-06,3.75e-06,3.18e-08,2.36e-06,2.85e-06,7.05e-08,0.0001184776119402,0.0001755223880597
Tre 50 x 30 x 2,0,0,50.0,30.0,2.0,0.000294,9.54e-08,3.81e-06,4.74e-06,4.29e-08,2.86e-06,3.33e-06,9.8e-08,0.00011025,0.00018375
Tre 50 x 30 x 2.5,0,0,50.0,30.0,2.5,0.000359,1.13e-07,4.519999999999999e-06,5.7e-06,5.05e-08,3.37e-06,3.98e-06,1.1700000000000002e-07,0.000134625,0.000224375
Tre 50 x 30 x 3,0,0,50.0,30.0,3.0,0.000421,1.283e-07,5.13e-06,6.57e-06,5.7e-08,3.8e-06,4.58e-06,1.35e-07,0.000157875,0.000263125
Tre 60 x 30 x 2,0,0,60.0,30.0,2.0,0.000334,1.5e-07,5.019999999999999e-06,6.31e-06,5.080000000000001e-08,3.39e-06,3.89e-06,1.26e-07,0.0001113333333333,0.0002226666666666
Tre 60 x 30 x 2.5,0,0,60.0,30.0,2.5,0.000409,1.79e-07,5.98e-06,7.62e-06,6.000000000000002e-08,4e-06,4.669999999999999e-06,1.51e-07,0.0001363333333333,0.0002726666666666
Tre 60 x 30 x 3,0,0,60.0,30.0,3.0,0.000481,2.05e-07,6.83e-06,8.82e-06,6.8e-08,4.53e-06,5.389999999999999e-06,1.75e-07,0.0001603333333333,0.0003206666666666
Tre 60 x 34 x 2,0,0,60.0,34.0,2.0,0.00035,1.64e-07,5.459999999999999e-06,6.77e-06,6.769999999999999e-08,3.98e-06,4.57e-06,1.57e-07,0.0001265957446808,0.0002234042553191
Tre 60 x 34 x 2.5,0,0,60.0,34.0,2.5,0.000429,1.96e-07,6.53e-06,8.19e-06,8.03e-08,4.7300000000000005e-06,5.51e-06,1.9e-07,0.0001551702127659,0.000273829787234
Tre 60 x 40 x 2,0,0,60.0,40.0,2.0,0.000374,1.8410000000000001e-07,6.14e-06,7.47e-06,9.83e-08,4.92e-06,5.65e-06,2.07e-07,0.0001496,0.0002244
Tre 60 x 40 x 3,0,0,60.0,40.0,3.0,0.000541,2.538e-07,8.46e-06,1.053e-05,1.344e-07,6.719999999999999e-06,7.94e-06,2.93e-07,0.0002164,0.0003246
Tre 60 x 40 x 4,0,0,60.0,40.0,4.0,0.000695,3.098000000000001e-07,1.033e-05,1.316e-05,1.628e-07,8.14e-06,9.89e-06,3.6700000000000004e-07,0.000278,0.000417
Tre 70 x 35 x 3,0,0,70.0,35.0,3.0,0.000571,3.39e-07,9.7e-06,1.24e-05,1.13e-07,6.48e-06,7.589999999999999e-06,2.87e-07,0.0001903333333333,0.0003806666666666
Tre 70 x 40 x 3,0,0,70.0,40.0,3.0,0.000601,3.73e-07,1.07e-05,1.34e-05,1.55e-07,7.75e-06,9.05e-06,3.65e-07,0.0002185454545454,0.0003824545454545
Tre 70 x 40 x 4,0,0,70.0,40.0,4.0,0.000775,4.6e-07,1.3099999999999998e-05,1.68e-05,1.89e-07,9.44e-06,1.13e-05,4.58e-07,0.0002818181818181,0.0004931818181818
Tre 70 x 50 x 2.5,0,0,70.0,50.0,2.5,0.000559,3.801e-07,1.086e-05,1.316e-05,2.259e-07,9.039999999999998e-06,1.0449999999999998e-05,4.58e-07,0.0002329166666666,0.0003260833333333
Tre 70 x 50 x 3,0,0,70.0,50.0,3.0,0.000661,4.405e-07,1.259e-05,1.5399999999999998e-05,2.61e-07,1.0439999999999998e-05,1.221e-05,5.36e-07,0.0002754166666666,0.0003855833333333
Tre 70 x 50 x 4,0,0,70.0,50.0,4.0,0.000855,5.467e-07,1.562e-05,1.948e-05,3.222e-07,1.289e-05,1.541e-05,6.809999999999999e-07,0.00035625,0.00049875
Tre 80 x 40 x 2,0,0,80.0,40.0,2.0,0.000454,3.736e-07,9.34e-06,1.161e-05,1.272e-07,6.36e-06,7.17e-06,3.09e-07,0.0001513333333333,0.0003026666666666
Tre 80 x 40 x 2.5,0,0,80.0,40.0,2.5,0.000559,4.511e-07,1.128e-05,1.414e-05,1.526e-07,7.63e-06,8.72e-06,3.7600000000000003e-07,0.0001863333333333,0.0003726666666666
Tre 80 x 40 x 3,0,0,80.0,40.0,3.0,0.000661,5.225e-07,1.306e-05,1.6539999999999997e-05,1.7559999999999998e-07,8.779999999999999e-06,1.016e-05,4.39e-07,0.0002203333333333,0.0004406666666666
Tre 80 x 40 x 4,0,0,80.0,40.0,4.0,0.000855,6.479000000000001e-07,1.6199999999999997e-05,2.091e-05,2.1480000000000002e-07,1.074e-05,1.277e-05,5.520000000000001e-07,0.000285,0.00057
Tre 80 x 40 x 5,0,0,80.0,40.0,5.0,0.001036,7.51e-07,1.878e-05,2.473e-05,2.459e-07,1.229e-05,1.5019999999999998e-05,6.5e-07,0.0003453333333333,0.0006906666666666
Tre 80 x 50 x 3,0,0,80.0,50.0,3.0,0.000721,6.110000000000001e-07,1.53e-05,1.88e-05,2.94e-07,1.18e-05,1.36e-05,6.5e-07,0.0002773076923076,0.0004436923076923
Tre 80 x 50 x 4,0,0,80.0,50.0,4.0,0.000935,7.640000000000001e-07,1.91e-05,2.4e-05,3.65e-07,1.46e-05,1.7199999999999998e-05,8.270000000000001e-07,0.0003596153846153,0.0005753846153846
Tre 80 x 50 x 5,0,0,80.0,50.0,5.0,0.00114,8.920000000000001e-07,2.23e-05,2.85e-05,4.23e-07,1.6899999999999997e-05,2.05e-05,9.84e-07,0.0004384615384615,0.0007015384615384
Tre 80 x 60 x 2,0,0,80.0,60.0,2.0,0.000534,4.953e-07,1.238e-05,1.473e-05,3.187e-07,1.0619999999999998e-05,1.211e-05,6.12e-07,0.0002288571428571,0.0003051428571428
Tre 80 x 60 x 3,0,0,80.0,60.0,3.0,0.000781,7.005e-07,1.751e-05,2.116e-05,4.489e-07,1.496e-05,1.737e-05,8.83e-07,0.0003347142857142,0.0004462857142857
Tre 80 x 60 x 4,0,0,80.0,60.0,4.0,0.001015,8.792e-07,2.198e-05,2.699e-05,5.611e-07,1.87e-05,2.212e-05,1.131e-06,0.000435,0.00058
Tre 80 x 60 x 6,0,0,80.0,60.0,6.0,0.00144,1.16e-06,2.91e-05,3.69e-05,7.359999999999999e-07,2.45e-05,3.02e-05,1.56e-06,0.0006171428571428,0.0008228571428571
Tre 90 x 50 x 3,0,0,90.0,50.0,3.0,0.000781,8.185e-07,1.819e-05,2.26e-05,3.274000000000001e-07,1.3099999999999998e-05,1.5029999999999998e-05,7.67e-07,0.0002789285714285,0.0005020714285714
Tre 90 x 50 x 4,0,0,90.0,50.0,4.0,0.001015,1.0271e-06,2.282e-05,2.882e-05,4.0710000000000004e-07,1.628e-05,1.909e-05,9.77e-07,0.0003625,0.0006525
Tre 90 x 50 x 5,0,0,90.0,50.0,5.0,0.001236,1.206e-06,2.68e-05,3.441e-05,4.7370000000000007e-07,1.895e-05,2.27e-05,1.165e-06,0.0004414285714285,0.0007945714285714
Tre 100 x 40 x 2,0,0,100.0,40.0,2.0,0.000534,6.540000000000001e-07,1.3099999999999998e-05,1.6499999999999998e-05,1.56e-07,7.81e-06,8.69e-06,4.15e-07,0.0001525714285714,0.0003814285714285
Tre 100 x 40 x 3,0,0,100.0,40.0,3.0,0.000781,9.234e-07,1.847e-05,2.375e-05,2.1670000000000005e-07,1.084e-05,1.238e-05,5.9e-07,0.0002231428571428,0.0005578571428571
Tre 100 x 40 x 4,0,0,100.0,40.0,4.0,0.001015,1.1569e-06,2.314e-05,3.026e-05,2.6690000000000004e-07,1.334e-05,1.565e-05,7.450000000000001e-07,0.00029,0.000725
Tre 100 x 40 x 5,0,0,100.0,40.0,5.0,0.001236,1.356e-06,2.712e-05,3.609e-05,3.076000000000001e-07,1.538e-05,1.852e-05,8.790000000000001e-07,0.0003531428571428,0.0008828571428571
Tre 100 x 50 x 2,0,0,100.0,50.0,2.0,0.000574,7.5e-07,1.5e-05,1.85e-05,2.57e-07,1.03e-05,1.15e-05,6.16e-07,0.0001913333333333,0.0003826666666666
Tre 100 x 50 x 2.5,0,0,100.0,50.0,2.5,0.000709,9.12e-07,1.824e-05,2.267e-05,3.106e-07,1.242e-05,1.401e-05,7.540000000000001e-07,0.0002363333333333,0.0004726666666666
Tre 100 x 50 x 3,0,0,100.0,50.0,3.0,0.000841,1.0646e-06,2.129e-05,2.666e-05,3.6060000000000004e-07,1.442e-05,1.6440000000000002e-05,8.86e-07,0.0002803333333333,0.0005606666666666
Tre 100 x 50 x 4,0,0,100.0,50.0,4.0,0.001095,1.3414e-06,2.683e-05,3.41e-05,4.495000000000001e-07,1.798e-05,2.093e-05,1.13e-06,0.000365,0.00073
Tre 100 x 50 x 5,0,0,100.0,50.0,5.0,0.001336,1.5818e-06,3.164e-05,4.084e-05,5.245e-07,2.098e-05,2.495e-05,1.349e-06,0.0004453333333333,0.0008906666666666
Tre 100 x 60 x 3,0,0,100.0,60.0,3.0,0.000901,1.2057e-06,2.411e-05,2.957e-05,5.465e-07,1.822e-05,2.079e-05,1.217e-06,0.0003378749999999,0.000563125
Tre 100 x 60 x 4,0,0,100.0,60.0,4.0,0.001175,1.5258e-06,3.052e-05,3.794e-05,6.868e-07,2.289e-05,2.66e-05,1.563e-06,0.000440625,0.000734375
Tre 100 x 60 x 5,0,0,100.0,60.0,5.0,0.001436,1.8076e-06,3.615e-05,4.559e-05,8.081999999999999e-07,2.694e-05,3.188e-05,1.879e-06,0.0005385,0.0008975
Tre 100 x 80 x 3,0,0,100.0,80.0,3.0,0.001021,1.4881e-06,2.976e-05,3.539e-05,1.0564e-06,2.641e-05,3.04e-05,1.961e-06,0.0004537777777777,0.0005672222222222
Tre 100 x 80 x 4,0,0,100.0,80.0,4.0,0.001335,1.8946e-06,3.789e-05,4.562e-05,1.3417e-06,3.354e-05,3.915e-05,2.538e-06,0.0005933333333333,0.0007416666666666
Tre 100 x 80 x 5,0,0,100.0,80.0,5.0,0.001636,2.2593e-06,4.518999999999999e-05,5.509e-05,1.596e-06,3.99e-05,4.722999999999999e-05,3.075e-06,0.0007271111111111,0.0009088888888888
Tre 120 x 60 x 3,0,0,120.0,60.0,3.0,0.001021,1.8912e-06,3.152e-05,3.918e-05,6.440000000000001e-07,2.147e-05,2.421e-05,1.563e-06,0.0003403333333333,0.0006806666666666
Tre 120 x 60 x 4,0,0,120.0,60.0,4.0,0.001335,2.4074e-06,4.012e-05,5.049e-05,8.125000000000001e-07,2.708e-05,3.1079999999999994e-05,2.011e-06,0.000445,0.00089
Tre 120 x 60 x 5,0,0,120.0,60.0,5.0,0.001636,2.8697e-06,4.783e-05,6.095e-05,9.599e-07,3.2e-05,3.738e-05,2.422e-06,0.0005453333333333,0.0010906666666666
Tre 120 x 60 x 7,0,0,120.0,60.0,7.0,0.00216,3.49e-06,5.811999999999999e-05,7.68e-05,1.16e-06,3.86e-05,4.7e-05,3.12e-06,0.00072,0.00144
Tre 120 x 80 x 3,0,0,120.0,80.0,3.0,0.001141,2.3019e-06,3.8369999999999993e-05,4.62e-05,1.2343000000000002e-06,3.086e-05,3.502e-05,2.555e-06,0.0004564,0.0006846
Tre 120 x 80 x 4,0,0,120.0,80.0,4.0,0.001495,2.9458e-06,4.91e-05,5.977e-05,1.5729e-06,3.932e-05,4.522999999999999e-05,3.312e-06,0.000598,0.000897
Tre 120 x 80 x 5,0,0,120.0,80.0,5.0,0.001836,3.5314e-06,5.886e-05,7.245e-05,1.8777e-06,4.694e-05,5.472999999999999e-05,4.023e-06,0.0007344,0.0011015999999999
Tre 140 x 40 x 3,0,0,140.0,40.0,3.0,0.00102,2.22e-06,3.17e-05,4.179999999999999e-05,2.99e-07,1.5e-05,1.68e-05,9.03e-07,0.0002266666666666,0.0007933333333333
Tre 140 x 40 x 4,0,0,140.0,40.0,4.0,0.00133,2.82e-06,4.02e-05,5.379999999999999e-05,3.7100000000000003e-07,1.86e-05,2.14e-05,1.14e-06,0.0002955555555555,0.0010344444444444
Tre 140 x 40 x 5,0,0,140.0,40.0,5.0,0.00164,3.35e-06,4.78e-05,6.479999999999999e-05,4.3100000000000003e-07,2.15e-05,2.55e-05,1.35e-06,0.0003644444444444,0.0012755555555555
Tre 140 x 60 x 3,0,0,140.0,60.0,3.0,0.00114,2.78e-06,3.97e-05,5e-05,7.420000000000001e-07,2.47e-05,2.76e-05,1.9200000000000003e-06,0.000342,0.000798
Tre 140 x 60 x 4,0,0,140.0,60.0,4.0,0.00149,3.56e-06,5.08e-05,6.46e-05,9.38e-07,3.13e-05,3.56e-05,2.47e-06,0.000447,0.001043
Tre 140 x 60 x 5,0,0,140.0,60.0,5.0,0.0018399999999999,4.26e-06,6.08e-05,7.829999999999999e-05,1.11e-06,3.71e-05,4.29e-05,2.9800000000000003e-06,0.000552,0.001288
Tre 140 x 60 x 6,0,0,140.0,60.0,6.0,0.00216,4.89e-06,6.99e-05,9.1e-05,1.26e-06,4.21e-05,4.96e-05,3.44e-06,0.000648,0.001512
Tre 140 x 80 x 3,0,0,140.0,80.0,3.0,0.00126,3.34e-06,4.78e-05,5.82e-05,1.41e-06,3.53e-05,3.96e-05,3.17e-06,0.0004581818181818,0.0008018181818181
Tre 140 x 80 x 4,0,0,140.0,80.0,4.0,0.001655,4.296e-06,6.136999999999999e-05,7.551e-05,1.8042e-06,4.51e-05,5.131e-05,4.116e-06,0.0006018181818181,0.0010531818181818
Tre 140 x 80 x 5,0,0,140.0,80.0,5.0,0.002036,5.1705e-06,7.386e-05,9.18e-05,2.1594e-06,5.398e-05,6.222999999999999e-05,5.005e-06,0.0007403636363636,0.0012956363636363
Tre 140 x 80 x 7,0,0,140.0,80.0,7.0,0.00272,6.4900000000000005e-06,9.27e-05,0.000118,2.7e-06,6.75e-05,8.02e-05,6.61e-06,0.0009890909090909,0.001730909090909
Tre 150 x 50 x 3,0,0,150.0,50.0,3.0,0.00114,2.99e-06,3.98e-05,5.14e-05,5.26e-07,2.11e-05,2.35e-05,1.5e-06,0.000285,0.000855
Tre 150 x 50 x 4,0,0,150.0,50.0,4.0,0.00149,3.81e-06,5.09e-05,6.65e-05,6.620000000000001e-07,2.65e-05,3.01e-05,1.9200000000000003e-06,0.0003725,0.0011175
Tre 150 x 50 x 5,0,0,150.0,50.0,5.0,0.0018399999999999,4.56e-06,6.08e-05,8.049999999999999e-05,7.790000000000001e-07,3.11e-05,3.62e-05,2.3e-06,0.00046,0.00138
Tre 150 x 50 x 6,0,0,150.0,50.0,6.0,0.00216,5.23e-06,6.979999999999999e-05,9.35e-05,8.790000000000001e-07,3.52e-05,4.17e-05,2.64e-06,0.00054,0.00162
Tre 150 x 100 x 3,0,0,150.0,100.0,3.0,0.00144,4.61e-06,6.14e-05,7.35e-05,2.48e-06,4.95e-05,5.58e-05,5.07e-06,0.000576,0.000864
Tre 150 x 100 x 4,0,0,150.0,100.0,4.0,0.001895,5.946e-06,7.928e-05,9.567e-05,3.1856e-06,6.371e-05,7.25e-05,6.616000000000001e-06,0.000758,0.001137
Tre 150 x 100 x 5,0,0,150.0,100.0,5.0,0.002336,7.192000000000001e-06,9.589e-05,0.00011673,3.8401e-06,7.68e-05,8.834e-05,8.087e-06,0.0009344,0.0014016
Tre 160 x 80 x 3,0,0,160.0,80.0,3.0,0.00138,4.6400000000000005e-06,5.8e-05,7.14e-05,1.59e-06,3.98e-05,4.429999999999999e-05,3.8e-06,0.00046,0.00092
Tre 160 x 80 x 4,0,0,160.0,80.0,4.0,0.001815,5.977100000000001e-06,7.471e-05,9.286e-05,2.0354e-06,5.089e-05,5.739e-05,4.941000000000001e-06,0.000605,0.00121
Tre 160 x 80 x 5,0,0,160.0,80.0,5.0,0.002236,7.216799999999999e-06,9.021e-05,0.00011316,2.441e-06,6.103e-05,6.973e-05,6.013e-06,0.0007453333333333,0.0014906666666666
Tre 180 x 80 x 3,0,0,180.0,80.0,3.0,0.0015,6.21e-06,6.9e-05,8.58e-05,1.77e-06,4.42e-05,4.89e-05,4.45e-06,0.0004615384615384,0.0010384615384615
Tre 180 x 80 x 4,0,0,180.0,80.0,4.0,0.00197,8.02e-06,8.909999999999998e-05,0.000112,2.27e-06,5.67e-05,6.35e-05,5.78e-06,0.0006061538461538,0.0013638461538461
Tre 180 x 80 x 5,0,0,180.0,80.0,5.0,0.00244,9.71e-06,0.000108,0.000137,2.72e-06,6.809999999999999e-05,7.719999999999999e-05,7.04e-06,0.0007507692307692,0.0016892307692307
Tre 180 x 80 x 6,0,0,180.0,80.0,6.0,0.00288,1.128e-05,0.000125,0.0001599999999999,3.14e-06,7.85e-05,9.02e-05,8.23e-06,0.0008861538461538,0.0019938461538461
Tre 180 x 80 x 7,0,0,180.0,80.0,7.0,0.00328,1.239e-05,0.000138,0.000178,3.45e-06,8.62e-05,0.000101,9.34e-06,0.0010092307692307,0.0022707692307692
Tre 180 x 80 x 8,0,0,180.0,80.0,8.0,0.0036799999999999,1.362e-05,0.0001509999999999,0.000198,3.77e-06,9.409999999999998e-05,0.000111,1.036e-05,0.0011323076923076,0.0025476923076923
Tre 200 x 100 x 3,0,0,200.0,100.0,3.0,0.001741,9.2433e-06,9.243e-05,0.00011325,3.1823000000000004e-06,6.365e-05,7.031e-05,7.543e-06,0.0005803333333333,0.0011606666666666
Tre 200 x 100 x 4,0,0,200.0,100.0,4.0,0.002295,1.1997e-05,0.0001199699999999,0.00014804,4.1078e-06,8.216e-05,9.17e-05,9.854e-06,0.000765,0.00153
Tre 200 x 100 x 5,0,0,200.0,100.0,5.0,0.002836,1.45925e-05,0.0001459199999999,0.00018137,4.9693e-06,9.939e-05,0.0001120899999999,1.2063e-05,0.0009453333333333,0.0018906666666666
Tre 200 x 100 x 6,0,0,200.0,100.0,6.0,0.003363,1.7033e-05,0.00017033,0.00021327,5.7691e-06,0.00011538,0.0001315,1.417e-05,0.001121,0.002242
Tre 200 x 150 x 3,0,0,200.0,150.0,3.0,0.00204,1.215e-05,0.000122,0.000143,7.85e-06,0.0001049999999999,0.000118,1.478e-05,0.0008742857142857,0.0011657142857142
Tre 200 x 150 x 4,0,0,200.0,150.0,4.0,0.002695,1.5839200000000002e-05,0.0001583899999999,0.00018724,1.02103e-05,0.0001361399999999,0.00015407,1.942e-05,0.001155,0.00154
Tre 200 x 150 x 5,0,0,200.0,150.0,5.0,0.003336,1.93466e-05,0.00019347,0.00023012,1.24503e-05,0.000166,0.0001892299999999,2.3914e-05,0.0014297142857142,0.0019062857142857
Tre 200 x 150 x 6,0,0,200.0,150.0,6.0,0.003963,2.26802e-05,0.0002268,0.00027147,1.45711e-05,0.00019428,0.00022308,2.8262e-05,0.0016984285714285,0.0022645714285714
Tre 200 x 150 x 8,0,0,200.0,150.0,8.0,0.00512,2.829e-05,0.000283,0.0003439999999999,1.816e-05,0.000242,0.000283,3.665e-05,0.0021942857142857,0.0029257142857142
Tre 200 x 150 x 10,0,0,200.0,150.0,10.0,0.00626,3.348e-05,0.000335,0.0004129999999999,2.143e-05,0.000286,0.000339,4.428e-05,0.0026828571428571,0.0035771428571428
Tre 200 x 150 x 12,0,0,200.0,150.0,12.0,0.0072099999999999,3.668e-05,0.000367,0.000463,2.353e-05,0.000314,0.0003799999999999,5.099e-05,0.00309,0.0041199999999999
Tre 250 x 100 x 3,0,0,250.0,100.0,3.0,0.002041,1.60563e-05,0.0001284499999999,0.00016052,3.8882e-06,7.776e-05,8.486e-05,1.0117e-05,0.0005831428571428,0.0014578571428571
Tre 250 x 100 x 4,0,0,250.0,100.0,4.0,0.002695,2.09165e-05,0.00016733,0.0002104099999999,5.0299e-06,0.0001005999999999,0.0001109,1.3225e-05,0.00077,0.0019249999999999
Tre 250 x 100 x 5,0,0,250.0,100.0,5.0,0.003336,2.55375e-05,0.0002043,0.00025851,6.0985e-06,0.00012197,0.00013584,1.6201e-05,0.0009531428571428,0.0023828571428571
Tre 250 x 100 x 6,0,0,250.0,100.0,6.0,0.003963,2.99233e-05,0.0002393899999999,0.00030485,7.0963e-06,0.00014193,0.0001596999999999,1.9045e-05,0.0011322857142857,0.0028307142857142
Tre 250 x 100 x 8,0,0,250.0,100.0,8.0,0.00512,3.714e-05,0.000297,0.000385,8.750000000000001e-06,0.000175,0.0002009999999999,2.439e-05,0.0014628571428571,0.0036571428571428
Tre 250 x 100 x 10,0,0,250.0,100.0,10.0,0.00626,4.384e-05,0.0003509999999999,0.0004619999999999,1.021e-05,0.000204,0.0002399999999999,2.91e-05,0.0017885714285714,0.0044714285714285
Tre 250 x 100 x 12,0,0,250.0,100.0,12.0,0.0072099999999999,4.757e-05,0.000381,0.0005149999999999,1.109e-05,0.000222,0.000268,3.287e-05,0.0020599999999999,0.0051499999999999
Tre 250 x 150 x 4,0,0,250.0,150.0,4.0,0.00309,2.697e-05,0.000216,0.00026,1.234e-05,0.000165,0.000183,2.665e-05,0.0011587499999999,0.0019312499999999
Tre 300 x 100 x 4,0,0,300.0,100.0,4.0,0.00309,3.32e-05,0.0002209999999999,0.000283,5.95e-06,0.0001189999999999,0.00013,1.668e-05,0.0007725,0.0023174999999999
Tre 300 x 100 x 5,0,0,300.0,100.0,5.0,0.00384,4.065e-05,0.000271,0.000348,7.23e-06,0.000145,0.0001599999999999,2.044e-05,0.00096,0.00288
Tre 300 x 100 x 12,0,0,300.0,100.0,12.0,0.0084099999999999,7.808e-05,0.000521,0.00071,1.343e-05,0.000269,0.000321,4.177e-05,0.0021024999999999,0.0063074999999999
Tre 300 x 150 x 5,0,0,300.0,150.0,5.0,0.00434,5.153e-05,0.0003439999999999,0.0004219999999999,1.771e-05,0.000236,0.0002619999999999,4.214e-05,0.0014466666666666,0.0028933333333333
Tre 300 x 150 x 6,0,0,300.0,150.0,6.0,0.00516,6.074000000000001e-05,0.000405,0.0005,2.08e-05,0.000277,0.000309,4.988e-05,0.00172,0.00344
Tre 300 x 150 x 8,0,0,300.0,150.0,8.0,0.00672,7.684e-05,0.000512,0.0006399999999999,2.623e-05,0.00035,0.000396,6.491e-05,0.00224,0.00448
Tre 300 x 200 x 4,0,0,300.0,200.0,4.0,0.00389,5.073e-05,0.000338,0.000401,2.737e-05,0.000274,0.000305,5.527e-05,0.001556,0.002334
Tre 300 x 200 x 5,0,0,300.0,200.0,5.0,0.00484,6.241000000000001e-05,0.000416,0.000496,3.361e-05,0.000336,0.000376,6.836e-05,0.001936,0.002904
Tre 400 x 200 x 5,0,0,400.0,200.0,5.0,0.00584,0.0001249,0.000624,0.000762,4.312e-05,0.0004309999999999,0.000474,0.00010159,0.0019466666666666,0.0038933333333333
Tre 400 x 200 x 6,0,0,400.0,200.0,6.0,0.00696,0.00014789,0.000739,0.000906,5.092e-05,0.000509,0.000562,0.00012069,0.00232,0.00464
Tre 400 x 250 x 5,0,0,400.0,250.0,5.0,0.00634,0.0001444,0.000722,0.000861,7.056e-05,0.000565,0.0006259999999999,0.00014773,0.0024384615384615,0.0039015384615384
Tre 400 x 250 x 6,0,0,400.0,250.0,6.0,0.00756,0.00017118,0.000856,0.001024,8.352e-05,0.000668,0.000744,0.0001758,0.0029076923076923,0.0046523076923076
Tre 400 x 250 x 8,0,0,400.0,250.0,8.0,0.00992,0.00022048,0.001102,0.00133,0.00010744,0.00086,0.000966,0.00023127,0.0038153846153846,0.0061046153846153
Tci 21.3 x 2,0,1,21.3,,2.0,0.000121,5.7e-09,5.4e-07,7.48e-07,5.7e-09,5.4e-07,7.48e-07,1.14e-08,7.703099245647735e-05,7.703099245647735e-05
Tci 21.3 x 2.3,0,1,21.3,,2.3,0.000137,6.29e-09,5.9e-07,8.34e-07,6.29e-09,5.9e-07,8.34e-07,1.26e-08,8.721690881435866e-05,8.721690881435866e-05
Tci 25 x 2,0,1,25.0,,2.0,0.000145,9.63e-09,7.699999999999999e-07,1.06e-06,9.63e-09,7.699999999999999e-07,1.06e-06,1.93e-08,9.23098669932993e-05,9.23098669932993e-05
Tci 26.9 x 2,0,1,26.9,,2.0,0.000156,1.22e-08,9.1e-07,1.243e-06,1.22e-08,9.1e-07,1.243e-06,2.44e-08,9.93126844893427e-05,9.93126844893427e-05
Tci 26.9 x 2.3,0,1,26.9,,2.3,0.000178,1.3600000000000001e-08,1.01e-06,1.4e-06,1.3600000000000001e-08,1.01e-06,1.4e-06,2.71e-08,0.0001133183194814,0.0001133183194814
Tci 30 x 2,0,1,30.0,,2.0,0.000176,1.73e-08,1.16e-06,1.57e-06,1.73e-08,1.16e-06,1.57e-06,3.47e-08,0.0001120450799366,0.0001120450799366
Tci 33.7 x 2,0,1,33.7,,2.0,0.000199,2.511e-08,1.49e-06,2.012e-06,2.511e-08,1.49e-06,2.012e-06,5.02e-08,0.0001266873347011,0.0001266873347011
Tci 33.7 x 2.6,0,1,33.7,,2.6,0.000254,3.09e-08,1.84e-06,2.52e-06,3.09e-08,1.84e-06,2.52e-06,6.19e-08,0.0001617014221813,0.0001617014221813
Tci 33.7 x 2.9,0,1,33.7,,2.9,0.000281,3.36e-08,1.99e-06,2.76e-06,3.36e-08,1.99e-06,2.76e-06,9.710000000000003e-08,0.0001788901560352,0.0001788901560352
Tci 33.7 x 3,0,1,33.7,,3.0,0.000289,3.44e-08,2.04e-06,2.84e-06,3.44e-08,2.04e-06,2.84e-06,6.88e-08,0.0001839831142142,0.0001839831142142
Tci 35 x 2,0,1,35.0,,2.0,0.000207,2.8300000000000002e-08,1.62e-06,2.18e-06,2.8300000000000002e-08,1.62e-06,2.18e-06,5.67e-08,0.00013178029288,0.00013178029288
Tci 40 x 2,0,1,40.0,,2.0,0.000239,4.32e-08,2.16e-06,2.89e-06,4.32e-08,2.16e-06,2.89e-06,8.64e-08,0.0001521521255958,0.0001521521255958
Tci 42.4 x 2,0,1,42.4,,2.0,0.000254,5.1890000000000003e-08,2.4500000000000003e-06,3.267e-06,5.1890000000000003e-08,2.4500000000000003e-06,3.267e-06,1.0380000000000003e-07,0.0001617014221813,0.0001617014221813
Tci 42.4 x 2.6,0,1,42.4,,2.6,0.000325,6.46e-08,3.05e-06,4.12e-06,6.46e-08,3.05e-06,4.12e-06,1.29e-07,0.0002069014260194,0.0002069014260194
Tci 42.4 x 2.9,0,1,42.4,,2.9,0.00036,7.06e-08,3.33e-06,4.53e-06,7.06e-08,3.33e-06,4.53e-06,1.41e-07,0.0002291831180523,0.0002291831180523
Tci 42.4 x 3.2,0,1,42.4,,3.2,0.000394,7.620000000000002e-08,3.5899999999999995e-06,4.929999999999999e-06,7.620000000000002e-08,3.5899999999999995e-06,4.929999999999999e-06,1.5199999999999998e-07,0.0002508281903128,0.0002508281903128
Tci 45 x 2,0,1,45.0,,2.0,0.00027,6.26e-08,2.78e-06,3.7e-06,6.26e-08,2.78e-06,3.7e-06,1.25e-07,0.0001718873385392,0.0001718873385392
Tci 48.3 x 2,0,1,48.3,,2.0,0.000291,7.806e-08,3.23e-06,4.29e-06,7.806e-08,3.23e-06,4.29e-06,1.561e-07,0.0001852563537589,0.0001852563537589
Tci 48.3 x 2.5,0,1,48.3,,2.5,0.00036,9.455e-08,3.92e-06,5.248999999999999e-06,9.455e-08,3.92e-06,5.248999999999999e-06,1.891e-07,0.0002291831180523,0.0002291831180523
Tci 48.3 x 2.9,0,1,48.3,,2.9,0.000414,1.07e-07,4.43e-06,5.99e-06,1.07e-07,4.43e-06,5.99e-06,2.14e-07,0.0002635605857601,0.0002635605857601
Tci 48.3 x 3.2,0,1,48.3,,3.2,0.000453,1.16e-07,4.8e-06,6.519999999999999e-06,1.16e-07,4.8e-06,6.519999999999999e-06,2.32e-07,0.0002883887568825,0.0002883887568825
Tci 50 x 2,0,1,50.0,,2.0,0.000302,8.7e-08,3.48e-06,4.61e-06,8.7e-08,3.48e-06,4.61e-06,1.74e-07,0.000192259171255,0.000192259171255
Tci 60.3 x 2,0,1,60.3,,2.0,0.000366,1.5573e-07,5.17e-06,6.799999999999999e-06,1.5573e-07,5.17e-06,6.799999999999999e-06,3.115e-07,0.0002330028366865,0.0002330028366865
Tci 60.3 x 2.5,0,1,60.3,,2.5,0.000454,1.8983e-07,6.3e-06,8.357e-06,1.8983e-07,6.3e-06,8.357e-06,3.797e-07,0.0002890253766548,0.0002890253766548
Tci 60.3 x 2.9,0,1,60.3,,2.9,0.000523,2.1600000000000005e-07,7.16e-06,9.56e-06,2.1600000000000005e-07,7.16e-06,9.56e-06,4.320000000000001e-07,0.0003329521409482,0.0003329521409482
Tci 60.3 x 3.2,0,1,60.3,,3.2,0.000574,2.35e-07,7.78e-06,1.04e-05,2.35e-07,7.78e-06,1.04e-05,4.69e-07,0.0003654197493389,0.0003654197493389
Tci 70 x 2.9,0,1,70.0,,2.9,0.000611,3.450000000000001e-07,9.85e-06,1.3099999999999998e-05,3.450000000000001e-07,9.85e-06,1.3099999999999998e-05,6.890000000000001e-07,0.0003889746809165,0.0003889746809165
Tci 76.1 x 2,0,1,76.1,,2.0,0.000465,3.1962e-07,8.4e-06,1.0984e-05,3.1962e-07,8.4e-06,1.0984e-05,6.392000000000001e-07,0.0002960281941509,0.0002960281941509
Tci 76.1 x 2.9,0,1,76.1,,2.9,0.000667,4.47e-07,1.18e-05,1.55e-05,4.47e-07,1.18e-05,1.55e-05,8.95e-07,0.0004246253881691,0.0004246253881691
Tci 76.1 x 3.2,0,1,76.1,,3.2,0.000733,4.88e-07,1.28e-05,1.7e-05,4.88e-07,1.28e-05,1.7e-05,9.76e-07,0.0004666422931454,0.0004666422931454
Tci 76.1 x 4,0,1,76.1,,4.0,0.000906,5.9026e-07,1.551e-05,2.0815e-05,5.9026e-07,1.551e-05,2.0815e-05,1.1805e-06,0.000576777513765,0.000576777513765
Tci 88.9 x 2,0,1,88.9,,2.0,0.000546,5.1542e-07,1.16e-05,1.5106e-05,5.1542e-07,1.16e-05,1.5106e-05,1.0308e-06,0.0003475943957126,0.0003475943957126
Tci 88.9 x 3,0,1,88.9,,3.0,0.000809,7.4726e-07,1.6809999999999997e-05,2.2145e-05,7.4726e-07,1.6809999999999997e-05,2.2145e-05,1.4944999999999998e-06,0.0005150253958453,0.0005150253958453
Tci 88.9 x 3.2,0,1,88.9,,3.2,0.0008619999999999,7.92e-07,1.78e-05,2.35e-05,7.92e-07,1.78e-05,2.35e-05,1.58e-06,0.0005487662437808,0.0005487662437808
Tci 88.9 x 4,0,1,88.9,,4.0,0.001066,9.6291e-07,2.166e-05,2.8853e-05,9.6291e-07,2.166e-05,2.8853e-05,1.9258000000000003e-06,0.0006786366773438,0.0006786366773438
Tci 88.9 x 5,0,1,88.9,,5.0,0.001317,1.16315e-06,2.617e-05,3.5238e-05,1.16315e-06,2.617e-05,3.5238e-05,2.3263e-06,0.0008384282402081,0.0008384282402081
Tci 101.6 x 2,0,1,101.6,,2.0,0.000625,7.7593e-07,1.5269999999999998e-05,1.9843e-05,7.7593e-07,1.5269999999999998e-05,1.9843e-05,1.5519e-06,0.0003978873577297,0.0003978873577297
Tci 101.6 x 3,0,1,101.6,,3.0,0.0009289999999999,1.12978e-06,2.224e-05,2.9175e-05,1.12978e-06,2.224e-05,2.9175e-05,2.2596e-06,0.0005914197685294,0.0005914197685294
Tci 101.6 x 3.6,0,1,101.6,,3.6,0.00111,1.33e-06,2.62e-05,3.46e-05,1.33e-06,2.62e-05,3.46e-05,2.66e-06,0.000706647947328,0.000706647947328
Tci 101.6 x 4,0,1,101.6,,4.0,0.001226,1.4621000000000002e-06,2.878e-05,3.8124e-05,1.4621000000000002e-06,2.878e-05,3.8124e-05,2.9242000000000003e-06,0.0007804958409226,0.0007804958409226
Tci 101.6 x 5,0,1,101.6,,5.0,0.001517,1.77379e-06,3.492e-05,4.6699e-05,1.77379e-06,3.492e-05,4.6699e-05,3.5476e-06,0.0009657521946816,0.0009657521946816
Tci 114.3 x 2,0,1,114.3,,2.0,0.000706,1.11e-06,1.95e-05,2.52e-05,1.11e-06,1.95e-05,2.52e-05,2.23e-06,0.0004494535592915,0.0004494535592915
Tci 114.3 x 3,0,1,114.3,,3.0,0.001048,1.62466e-06,2.843e-05,3.7172e-05,1.62466e-06,2.843e-05,3.7172e-05,3.2493e-06,0.0006671775214412,0.0006671775214412
Tci 114.3 x 3.6,0,1,114.3,,3.6,0.00125,1.9200000000000003e-06,3.36e-05,4.41e-05,1.9200000000000003e-06,3.36e-05,4.41e-05,3.8400000000000005e-06,0.0007957747154594,0.0007957747154594
Tci 114.3 x 4,0,1,114.3,,4.0,0.001385,2.10958e-06,3.691e-05,4.8686e-05,2.10958e-06,3.691e-05,4.8686e-05,4.2192e-06,0.0008817183847291,0.0008817183847291
Tci 114.3 x 5,0,1,114.3,,5.0,0.001716,2.5679000000000004e-06,4.493e-05,5.9774e-05,2.5679000000000004e-06,4.493e-05,5.9774e-05,5.135800000000001e-06,0.0010924395293827,0.0010924395293827
Tci 127 x 3,0,1,127.0,,3.0,0.00117,2.25e-06,3.54e-05,4.61e-05,2.25e-06,3.54e-05,4.61e-05,4.5e-06,0.00074484513367,0.00074484513367
Tci 133 x 3,0,1,133.0,,3.0,0.00123,2.59e-06,3.89e-05,5.07e-05,2.59e-06,3.89e-05,5.07e-05,5.18e-06,0.0007830423200121,0.0007830423200121
Tci 133 x 4,0,1,133.0,,4.0,0.00162,3.38e-06,5.08e-05,6.659999999999999e-05,3.38e-06,5.08e-05,6.659999999999999e-05,6.75e-06,0.0010313240312354,0.0010313240312354
Tci 133 x 5,0,1,133.0,,5.0,0.00201,4.12e-06,6.2e-05,8.2e-05,4.12e-06,6.2e-05,8.2e-05,8.25e-06,0.0012796057424588,0.0012796057424588
Tci 133 x 6,0,1,133.0,,6.0,0.0023899999999999,4.84e-06,7.719999999999999e-05,9.68e-05,4.84e-06,7.719999999999999e-05,9.68e-05,9.67e-06,0.0015215212559585,0.0015215212559585
Tci 139.7 x 3,0,1,139.7,,3.0,0.001288,3.0093700000000004e-06,4.308e-05,5.607e-05,3.0093700000000004e-06,4.308e-05,5.607e-05,6.0187000000000005e-06,0.0008199662668094,0.0008199662668094
Tci 139.7 x 4,0,1,139.7,,4.0,0.001704,3.926600000000001e-06,5.621e-05,7.3679e-05,3.926600000000001e-06,5.621e-05,7.3679e-05,7.853200000000001e-06,0.0010848000921143,0.0010848000921143
Tci 139.7 x 5,0,1,139.7,,5.0,0.002115,4.80298e-06,6.876e-05,9.0762e-05,4.80298e-06,6.876e-05,9.0762e-05,9.606e-06,0.0013464508185574,0.0013464508185574
Tci 152.4 x 3,0,1,152.4,,3.0,0.00141,3.9300000000000005e-06,5.16e-05,6.7e-05,3.9300000000000005e-06,5.16e-05,6.7e-05,7.860000000000001e-06,0.0008976338790382,0.0008976338790382
Tci 152.4 x 4,0,1,152.4,,4.0,0.00186,5.14e-06,6.74e-05,8.809999999999999e-05,5.14e-06,6.74e-05,8.809999999999999e-05,1.027e-05,0.0011841127766037,0.0011841127766037
Tci 152.4 x 5,0,1,152.4,,5.0,0.00232,6.3e-06,8.259999999999999e-05,0.0001089999999999,6.3e-06,8.259999999999999e-05,0.0001089999999999,1.259e-05,0.0014769578718927,0.0014769578718927
Tci 152.4 x 6,0,1,152.4,,6.0,0.00276,7.41e-06,9.72e-05,0.000129,7.41e-06,9.72e-05,0.000129,1.481e-05,0.0017570705717345,0.0017570705717345
Tci 168.3 x 3,0,1,168.3,,3.0,0.001557,5.3201300000000005e-06,6.322e-05,8.198099999999999e-05,5.3201300000000005e-06,6.322e-05,8.198099999999999e-05,1.06403e-05,0.0009912169855763,0.0009912169855763
Tci 168.3 x 4,0,1,168.3,,4.0,0.002064,6.967380000000001e-06,8.28e-05,0.000107999,6.967380000000001e-06,8.28e-05,0.000107999,1.39348e-05,0.0013139832101666,0.0013139832101666
Tci 168.3 x 5,0,1,168.3,,5.0,0.002564,8.55412e-06,0.00010165,0.000133376,8.55412e-06,0.00010165,0.000133376,1.71082e-05,0.0016322930963504,0.0016322930963504
Tci 193.7 x 3,0,1,193.7,,3.0,0.0018,8.17e-06,8.44e-05,0.0001089999999999,8.17e-06,8.44e-05,0.0001089999999999,1.634e-05,0.0011459155902616,0.0011459155902616
Tci 193.7 x 3.2,0,1,193.7,,3.2,0.00192,8.69e-06,8.97e-05,0.000116,8.69e-06,8.97e-05,0.000116,1.738e-05,0.0012223099629457,0.0012223099629457
Tci 193.7 x 4,0,1,193.7,,4.0,0.002383,1.072247e-05,0.0001107099999999,0.000143966,1.072247e-05,0.0001107099999999,0.000143966,2.14449e-05,0.0015170649175519,0.0015170649175519
Tci 193.7 x 5,0,1,193.7,,5.0,0.002963,1.3195630000000002e-05,0.00013625,0.00017808,1.3195630000000002e-05,0.00013625,0.00017808,2.6391300000000003e-05,0.0018863043855251,0.0018863043855251
Tci 219.1 x 3,0,1,219.1,,3.0,0.00204,1.189e-05,0.0001089999999999,0.00014,1.189e-05,0.0001089999999999,0.00014,2.378e-05,0.0012987043356298,0.0012987043356298
Tci 219.1 x 3.2,0,1,219.1,,3.2,0.00217,1.265e-05,0.0001149999999999,0.000149,1.265e-05,0.0001149999999999,0.000149,2.53e-05,0.0013814649060376,0.0013814649060376
Tci 219.1 x 4,0,1,219.1,,4.0,0.002702,1.563043e-05,0.00014268,0.0001850929999999,1.563043e-05,0.00014268,0.0001850929999999,3.1260900000000004e-05,0.0017201466249372,0.0017201466249372
Tci 219.1 x 5,0,1,219.1,,5.0,0.003361,1.927065e-05,0.00017591,0.0002292359999999,1.927065e-05,0.00017591,0.0002292359999999,3.85413e-05,0.0021396790549274,0.0021396790549274
Tci 244.5 x 4,0,1,244.5,,4.0,0.00302,2.186e-05,0.000179,0.0002309999999999,2.186e-05,0.000179,0.0002309999999999,4.371e-05,0.00192259171255,0.00192259171255
Tci 273 x 4,0,1,273.0,,4.0,0.0033799999999999,3.058e-05,0.000224,0.000289,3.058e-05,0.000224,0.000289,6.116e-05,0.0021517748306024,0.0021517748306024
Tci 273 x 5,0,1,273.0,,5.0,0.004208,3.778898e-05,0.00027684,0.0003591619999999,3.778898e-05,0.00027684,0.0003591619999999,7.5578e-05,0.0026788960021227,0.0026788960021227
Tci 273 x 6,0,1,273.0,,6.0,0.00503,4.484809e-05,0.00032856,0.000427806,4.484809e-05,0.00032856,0.000427806,8.96962e-05,0.0032021974550089,0.0032021974550089
Tci 323.9 x 4,0,1,323.9,,4.0,0.00402,5.143e-05,0.000318,0.0004089999999999,5.143e-05,0.000318,0.0004089999999999,0.00010286,0.0025592114849176,0.0025592114849176
Tci 323.9 x 6,0,1,323.9,,6.0,0.005989,7.568628e-05,0.0004673399999999,0.000606434,7.568628e-05,0.0004673399999999,0.000606434,0.0001513726,0.0038127158167094,0.0038127158167094
Tci 355.6 x 5,0,1,355.6,,5.0,0.005504,8.459286e-05,0.00047578,0.000614643,8.459286e-05,0.00047578,0.000614643,0.0001691857,0.0035039552271111,0.0035039552271111
Tci 355.6 x 6,0,1,355.6,,6.0,0.006586,0.00010065447,0.00056611,0.000733393,0.00010065447,0.00056611,0.000733393,0.0002013088999999,0.0041927778208128,0.0041927778208128
Tci 406.4 x 5,0,1,406.4,,5.0,0.00631,0.00012701,0.000625,0.000806,0.00012701,0.000625,0.000806,0.00025401,0.0040170707636394,0.0040170707636394
Tci 406.4 x 6,0,1,406.4,,6.0,0.007544,0.00015120656,0.00074413,0.000961993,0.00015120656,0.00074413,0.000961993,0.0003024131,0.004802659562741,0.004802659562741
Tci 457.2 x 6.3,0,1,457.2,,6.3,0.00892,0.00022672828,0.0009918099999999,0.001280941,0.00022672828,0.0009918099999999,0.001280941,0.0004534566,0.0056786483695188,0.0056786483695188
Tci 508 x 6.3,0,1,508.0,,6.3,0.009925,0.00031230648,0.0012295499999999,0.0015858119999999,0.00031230648,0.0012295499999999,0.0015858119999999,0.000624613,0.0063184512407482,0.0063184512407482
s Tca 15 x 15x 1.5,1,0,15.0,15.0,1.5,7.52e-09,2.1900000000000002e-17,2.92e-13,3.7e-13,2.1900000000000002e-17,2.92e-13,3.7e-13,3.85e-17,3.76e-09,3.76e-09
