designation,h,b,t,A,Iy,Wel_y,Wpl_y,Iz,Wel_z,Wpl_z,It,Av_y,Av_z
Tca 20 x 20 x 1.5,20.0,20.0,1.5,0.000105,5.8e-09,5.8e-07,7.2e-07,5.8e-09,5.8e-07,7.2e-07,9.8e-09,5.250000000000001e-05,5.250000000000001e-05
Tca 20 x 20 x 2,20.0,20.0,2.0,0.000134,6.9e-09,6.9e-07,8.799999999999999e-07,6.9e-09,6.9e-07,8.799999999999999e-07,1.2099999999999999e-08,6.7e-05,6.7e-05
Tca 25 x 25 x 2,25.0,25.0,2.0,0.000174,1.48e-08,1.1899999999999998e-06,1.47e-06,1.48e-08,1.1899999999999998e-06,1.47e-06,2.5299999999999998e-08,8.7e-05,8.7e-05
Tca 25 x 25 x 2.5,25.0,25.0,2.5,0.00020899999999999998,1.69e-08,1.35e-06,1.71e-06,1.69e-08,1.35e-06,1.71e-06,2.97e-08,0.00010449999999999999,0.00010449999999999999
Tca 25 x 25 x 3,25.0,25.0,3.0,0.00024100000000000003,1.8400000000000003e-08,1.47e-06,1.91e-06,1.8400000000000003e-08,1.47e-06,1.91e-06,3.33e-08,0.00012050000000000002,0.00012050000000000002
Tca 30 x 30 x 1.5,30.0,30.0,1.5,0.000165,2.2000000000000002e-08,1.46e-06,1.7399999999999999e-06,2.2000000000000002e-08,1.46e-06,1.7399999999999999e-06,3.57e-08,8.249999999999999e-05,8.249999999999999e-05
Tca 30 x 30 x 2,30.0,30.0,2.0,0.00021400000000000002,2.7200000000000002e-08,1.81e-06,2.21e-06,2.7200000000000002e-08,1.81e-06,2.21e-06,4.54e-08,0.00010700000000000001,0.00010700000000000001
Tca 30 x 30 x 2.5,30.0,30.0,2.5,0.000259,3.1600000000000005e-08,2.1e-06,2.6099999999999996e-06,3.1600000000000005e-08,2.1e-06,2.6099999999999996e-06,5.400000000000001e-08,0.0001295,0.0001295
Tca 30 x 30 x 3,30.0,30.0,3.0,0.000301,3.5e-08,2.3399999999999996e-06,2.96e-06,3.5e-08,2.3399999999999996e-06,2.96e-06,6.15e-08,0.0001505,0.0001505
Tca 35 x 35 x 2,35.0,35.0,2.0,0.000254,4.51e-08,2.58e-06,3.0899999999999996e-06,4.51e-08,2.58e-06,3.0899999999999996e-06,7.410000000000001e-08,0.000127,0.000127
Tca 35 x 35 x 2.5,35.0,35.0,2.5,0.000309,5.2900000000000004e-08,3.02e-06,3.69e-06,5.2900000000000004e-08,3.02e-06,3.69e-06,8.890000000000001e-08,0.0001545,0.0001545
Tca 35 x 35 x 3,35.0,35.0,3.0,0.000361,5.9500000000000003e-08,3.3999999999999996e-06,4.23e-06,5.9500000000000003e-08,3.3999999999999996e-06,4.23e-06,1.02e-07,0.0001805,0.0001805
Tca 40 x 40 x 2,40.0,40.0,2.0,0.000294,6.94e-08,3.4700000000000002e-06,4.129999999999999e-06,6.94e-08,3.4700000000000002e-06,4.129999999999999e-06,1.1279999999999999e-07,0.000147,0.000147
Tca 40 x 40 x 2.5,40.0,40.0,2.5,0.000359,8.210000000000001e-08,4.1100000000000005e-06,4.97e-06,8.210000000000001e-08,4.1100000000000005e-06,4.97e-06,1.361e-07,0.0001795,0.0001795
Tca 40 x 40 x 3,40.0,40.0,3.0,0.00042100000000000004,9.32e-08,4.66e-06,5.7199999999999994e-06,9.32e-08,4.66e-06,5.7199999999999994e-06,1.575e-07,0.00021050000000000002,0.00021050000000000002
Tca 40 x 40 x 4,40.0,40.0,4.0,0.000535,1.108e-07,5.5399999999999995e-06,7.01e-06,1.108e-07,5.5399999999999995e-06,7.01e-06,1.9440000000000002e-07,0.0002675,0.0002675
Tca 40 x 40 x 5,40.0,40.0,5.0,0.0006360000000000001,1.23e-07,6.13e-06,8.02e-06,1.23e-07,6.13e-06,8.02e-06,2.2300000000000002e-07,0.00031800000000000003,0.00031800000000000003
Tca 45 x 45 x 2,45.0,45.0,2.0,0.000334,1.01e-07,4.5e-06,5.32e-06,1.01e-07,4.5e-06,5.32e-06,1.6300000000000002e-07,0.000167,0.000167
Tca 45 x 45 x 2.5,45.0,45.0,2.5,0.000409,1.21e-07,5.36e-06,6.429999999999999e-06,1.21e-07,5.36e-06,6.429999999999999e-06,1.98e-07,0.0002045,0.0002045
Tca 45 x 45 x 3,45.0,45.0,3.0,0.000481,1.3800000000000002e-07,6.12e-06,7.44e-06,1.3800000000000002e-07,6.12e-06,7.44e-06,2.3e-07,0.00024049999999999996,0.00024049999999999996
Tca 45 x 45 x 4,45.0,45.0,4.0,0.0006150000000000001,1.6600000000000003e-07,7.38e-06,9.22e-06,1.6600000000000003e-07,7.38e-06,9.22e-06,2.87e-07,0.00030750000000000005,0.00030750000000000005
Tca 50 x 50 x 2,50.0,50.0,2.0,0.00037400000000000004,1.4150000000000002e-07,5.66e-06,6.66e-06,1.4150000000000002e-07,5.66e-06,6.66e-06,2.2629999999999998e-07,0.00018700000000000002,0.00018700000000000002
Tca 50 x 50 x 2.5,50.0,50.0,2.5,0.000459,1.6940000000000002e-07,6.78e-06,8.07e-06,1.6940000000000002e-07,6.78e-06,8.07e-06,2.7530000000000004e-07,0.0002295,0.0002295
Tca 50 x 50 x 3,50.0,50.0,3.0,0.000541,1.947e-07,7.79e-06,9.39e-06,1.947e-07,7.79e-06,9.39e-06,3.2130000000000005e-07,0.0002705,0.0002705
Tca 50 x 50 x 4,50.0,50.0,4.0,0.0006950000000000001,2.374e-07,9.49e-06,1.173e-05,2.374e-07,9.49e-06,1.173e-05,4.0420000000000003e-07,0.00034750000000000004,0.00034750000000000004
Tca 50 x 50 x 5,50.0,50.0,5.0,0.0008359999999999999,2.704e-07,1.082e-05,1.37e-05,2.704e-07,1.082e-05,1.37e-05,4.7460000000000003e-07,0.00041799999999999997,0.00041799999999999997
Tca 60 x 60 x 2,60.0,60.0,2.0,0.00045400000000000003,2.514e-07,8.380000000000001e-06,9.79e-06,2.514e-07,8.380000000000001e-06,9.79e-06,3.979e-07,0.00022700000000000002,0.00022700000000000002
Tca 60 x 60 x 3,60.0,60.0,3.0,0.000661,3.5130000000000003e-07,1.171e-05,1.3949999999999999e-05,3.5130000000000003e-07,1.171e-05,1.3949999999999999e-05,5.709e-07,0.0003305,0.0003305
Tca 60 x 60 x 4,60.0,60.0,4.0,0.0008550000000000001,4.355e-07,1.4519999999999998e-05,1.764e-05,4.355e-07,1.4519999999999998e-05,1.764e-05,7.264e-07,0.00042750000000000004,0.00042750000000000004
Tca 60 x 60 x 5,60.0,60.0,5.0,0.001036,5.05e-07,1.6829999999999996e-05,2.0879999999999997e-05,5.05e-07,1.6829999999999996e-05,2.0879999999999997e-05,8.642e-07,0.000518,0.000518
Tca 70 x 70 x 2,70.0,70.0,2.0,0.000534,4.0700000000000003e-07,1.1599999999999999e-05,1.35e-05,4.0700000000000003e-07,1.1599999999999999e-05,1.35e-05,6.4e-07,0.000267,0.000267
Tca 70 x 70 x 3,70.0,70.0,3.0,0.000781,5.752e-07,1.6440000000000002e-05,1.941e-05,5.752e-07,1.6440000000000002e-05,1.941e-05,9.242000000000001e-07,0.0003905,0.0003905
Tca 70 x 70 x 4,70.0,70.0,4.0,0.001015,7.212000000000001e-07,2.06e-05,2.475e-05,7.212000000000001e-07,2.06e-05,2.475e-05,1.1851999999999999e-06,0.0005075,0.0005075
Tca 70 x 70 x 5,70.0,70.0,5.0,0.001236,8.463e-07,2.418e-05,2.955e-05,8.463e-07,2.418e-05,2.955e-05,1.4221000000000001e-06,0.000618,0.000618
Tca 80 x 80 x 2,80.0,80.0,2.0,0.000614,6.170000000000001e-07,1.5399999999999998e-05,1.78e-05,6.170000000000001e-07,1.5399999999999998e-05,1.78e-05,9.63e-07,0.000307,0.000307
Tca 80 x 80 x 3,80.0,80.0,3.0,0.000901,8.784e-07,2.196e-05,2.578e-05,8.784e-07,2.196e-05,2.578e-05,1.3993e-06,0.00045050000000000005,0.00045050000000000005
Tca 80 x 80 x 3.5,80.0,80.0,3.5,0.0010400000000000001,9.98e-07,2.4999999999999998e-05,2.95e-05,9.98e-07,2.4999999999999998e-05,2.95e-05,1.61e-06,0.0005200000000000001,0.0005200000000000001
Tca 80 x 80 x 4,80.0,80.0,4.0,0.001175,1.1104e-06,2.7760000000000002e-05,3.307e-05,1.1104e-06,2.7760000000000002e-05,3.307e-05,1.8044e-06,0.0005875,0.0005875
Tca 80 x 80 x 5,80.0,80.0,5.0,0.001436,1.3144e-06,3.286e-05,3.9729999999999994e-05,1.3144e-06,3.286e-05,3.9729999999999994e-05,2.1783e-06,0.000718,0.000718
Tca 80 x 80 x 6,80.0,80.0,6.0,0.0016829999999999998,1.4918e-06,3.729e-05,4.578e-05,1.4918e-06,3.729e-05,4.578e-05,2.5207e-06,0.0008414999999999999,0.0008414999999999999
Tca 90 x 90 x 3,90.0,90.0,3.0,0.0010210000000000002,1.2728000000000001e-06,2.828e-05,3.3039999999999995e-05,1.2728000000000001e-06,2.828e-05,3.3039999999999995e-05,2.0141999999999997e-06,0.0005105000000000001,0.0005105000000000001
Tca 90 x 90 x 4,90.0,90.0,4.0,0.001335,1.6191e-06,3.598e-05,4.2579999999999996e-05,1.6191e-06,3.598e-05,4.2579999999999996e-05,2.6080000000000003e-06,0.0006675,0.0006675
Tca 90 x 90 x 5,90.0,90.0,5.0,0.001636,1.9292e-06,4.2869999999999994e-05,5.141e-05,1.9292e-06,4.2869999999999994e-05,5.141e-05,3.1626e-06,0.000818,0.000818
Tca 90 x 90 x 6,90.0,90.0,6.0,0.0019230000000000002,2.2047e-06,4.899e-05,5.9539999999999996e-05,2.2047e-06,4.899e-05,5.9539999999999996e-05,3.6776e-06,0.0009615000000000001,0.0009615000000000001
Tca 100 x 100 x 3,100.0,100.0,3.0,0.001141,1.7704e-06,3.5409999999999995e-05,4.121e-05,1.7704e-06,3.5409999999999995e-05,4.121e-05,2.7868e-06,0.0005705,0.0005705
Tca 100 x 100 x 4,100.0,100.0,4.0,0.001495,2.2634000000000002e-06,4.527e-05,5.3299999999999995e-05,2.2634000000000002e-06,4.527e-05,5.3299999999999995e-05,3.6201e-06,0.0007475,0.0007475
Tca 100 x 100 x 5,100.0,100.0,5.0,0.001836,2.7108999999999997e-06,5.422e-05,6.459e-05,2.7108999999999997e-06,5.422e-05,6.459e-05,4.4052e-06,0.000918,0.000918
Tca 100 x 100 x 6,100.0,100.0,6.0,0.002163,3.1146e-06,6.229e-05,7.509e-05,3.1146e-06,6.229e-05,7.509e-05,5.1416e-06,0.0010815,0.0010815
Tca 100 x 100 x 7,100.0,100.0,7.0,0.00244,3.37e-06,6.74e-05,8.27e-05,3.37e-06,6.74e-05,8.27e-05,5.83e-06,0.00122,0.00122
Tca 120 x 120 x 3,120.0,120.0,3.0,0.001381,3.1233e-06,5.206e-05,6.022999999999999e-05,3.1233e-06,5.206e-05,6.022999999999999e-05,4.8772000000000005e-06,0.0006905,0.0006905
Tca 120 x 120 x 4,120.0,120.0,4.0,0.001815,4.0226e-06,6.704000000000001e-05,7.832e-05,4.0226e-06,6.704000000000001e-05,7.832e-05,6.365700000000001e-06,0.0009075,0.0009075
Tca 120 x 120 x 5,120.0,120.0,5.0,0.002236,4.8545e-06,8.091e-05,9.544e-05,4.8545e-06,8.091e-05,9.544e-05,7.785000000000001e-06,0.001118,0.001118
Tca 120 x 120 x 6,120.0,120.0,6.0,0.002643,5.6213e-06,9.368999999999999e-05,0.00011159999999999999,5.6213e-06,9.368999999999999e-05,0.00011159999999999999,9.1346e-06,0.0013215,0.0013215
Tca 120 x 120 x 7,120.0,120.0,7.0,0.003,6.17e-06,0.000103,0.000124,6.17e-06,0.000103,0.000124,1.044e-05,0.0015,0.0015
Tca 140 x 140 x 3,140.0,140.0,3.0,0.00162,5.03e-06,7.19e-05,8.29e-05,5.03e-06,7.19e-05,8.29e-05,7.81e-06,0.00081,0.00081
Tca 140 x 140 x 4,140.0,140.0,4.0,0.002135,6.515900000000001e-06,9.308e-05,0.00010815,6.515900000000001e-06,9.308e-05,0.00010815,1.02332e-05,0.0010675,0.0010675
Tca 140 x 140 x 5,140.0,140.0,5.0,0.002636,7.9052e-06,0.00011293,0.00013230000000000002,7.9052e-06,0.00011293,0.00013230000000000002,1.25576e-05,0.001318,0.001318
Tca 140 x 140 x 6,140.0,140.0,6.0,0.0031230000000000003,9.2038e-06,0.00013147999999999998,0.00015532,9.2038e-06,0.00013147999999999998,0.00015532,1.47877e-05,0.0015615000000000002,0.0015615000000000002
Tca 150 x 150 x 3,150.0,150.0,3.0,0.00174,6.2300000000000005e-06,8.3e-05,9.549999999999999e-05,6.2300000000000005e-06,8.3e-05,9.549999999999999e-05,9.65e-06,0.00087,0.00087
Tca 150 x 150 x 4,150.0,150.0,4.0,0.002295,8.077799999999999e-06,0.0001077,0.00012486,8.077799999999999e-06,0.0001077,0.00012486,1.26476e-05,0.0011475,0.0011475
Tca 150 x 150 x 5,150.0,150.0,5.0,0.002836,9.8207e-06,0.00013094,0.00015297,9.8207e-06,0.00013094,0.00015297,1.55413e-05,0.001418,0.001418
Tca 150 x 150 x 6,150.0,150.0,6.0,0.0033630000000000005,1.1458399999999999e-05,0.00015277999999999998,0.00017987,1.1458399999999999e-05,0.00015277999999999998,0.00017987,1.8326900000000002e-05,0.0016815000000000003,0.0016815000000000003
Tca 160 x 160 x 4,160.0,160.0,4.0,0.002455,9.8713e-06,0.00012339,0.00014277999999999998,9.8713e-06,0.00012339,0.00014277999999999998,1.54145e-05,0.0012275,0.0012275
Tca 160 x 160 x 5,160.0,160.0,5.0,0.003036,1.2023e-05,0.00015028999999999997,0.00017515,1.2023e-05,0.00015028999999999997,0.00017515,1.8963199999999998e-05,0.001518,0.001518
Tca 160 x 160 x 6,160.0,160.0,6.0,0.0036030000000000003,1.4054100000000002e-05,0.00017568,0.00020622999999999998,1.4054100000000002e-05,0.00017568,0.00020622999999999998,2.2389000000000002e-05,0.0018015000000000004,0.0018015000000000004
Tca 180 x 180 x 4,180.0,180.0,4.0,0.002775,1.4216900000000001e-05,0.00015796999999999998,0.00018219999999999998,1.4216900000000001e-05,0.00015796999999999998,0.00018219999999999998,2.21016e-05,0.0013875,0.0013875
Tca 180 x 180 x 5,180.0,180.0,5.0,0.0034360000000000003,1.73679e-05,0.00019297999999999999,0.00022401,1.73679e-05,0.00019297999999999999,0.00022401,2.72416e-05,0.0017180000000000001,0.0017180000000000001
Tca 180 x 180 x 6,180.0,180.0,6.0,0.004083,2.03642e-05,0.00022627,0.00026433999999999995,2.03642e-05,0.00022627,0.00026433999999999995,3.22265e-05,0.0020415,0.0020415
Tca 180 x 180 x 8,180.0,180.0,8.0,0.0052840000000000005,2.5457399999999998e-05,0.00028286,0.00033567,2.5457399999999998e-05,0.00028286,0.00033567,4.1885600000000004e-05,0.0026420000000000003,0.0026420000000000003
Tca 200 x 200 x 4,200.0,200.0,4.0,0.003095,1.96807e-05,0.00023999999999999998,0.00027499999999999996,1.96807e-05,0.00023999999999999998,0.00027499999999999996,4.076e-05,0.0015475,0.0015475
Tca 200 x 200 x 5,200.0,200.0,5.0,0.003836,2.40999e-05,0.00019680999999999998,0.00022642999999999999,2.40999e-05,0.00019680999999999998,0.00022642999999999999,3.04866e-05,0.001918,0.001918
Tca 200 x 200 x 6,200.0,200.0,6.0,0.004563,2.83262e-05,0.00024099999999999998,0.00027886,2.83262e-05,0.00024099999999999998,0.00027886,3.7633000000000004e-05,0.0022815,0.0022815
Tca 220 x 220 x 4,220.0,220.0,4.0,0.0034100000000000003,2.639e-05,0.00028325999999999997,0.00032964999999999996,2.639e-05,0.00028325999999999997,0.00032964999999999996,4.458810000000001e-05,0.0017050000000000001,0.0017050000000000001
Tca 250 x 250 x 4,250.0,250.0,4.0,0.0038900000000000002,3.9070000000000004e-05,0.00031299999999999996,0.000358,3.9070000000000004e-05,0.00031299999999999996,0.000358,6.0140000000000004e-05,0.0019450000000000001,0.0019450000000000001
Tca 260 x 260 x 4,260.0,260.0,4.0,0.00405,4.406e-05,0.000339,0.000388,4.406e-05,0.000339,0.000388,6.775000000000001e-05,0.002025,0.002025
Tca 260 x 260 x 5,260.0,260.0,5.0,0.00504,5.422e-05,0.000417,0.000479,5.422e-05,0.000417,0.000479,8.388e-05,0.00252,0.00252
Tca 300 x 300 x 5,300.0,300.0,5.0,0.00584,8.417e-05,0.000561,0.000643,8.417e-05,0.000561,0.000643,0.00012968,0.00292,0.00292
Tca 325 x 325 x 5,325.0,325.0,5.0,0.00634,0.00010757,0.0006619999999999999,0.000758,0.00010757,0.0006619999999999999,0.000758,0.0001654,0.0031700000000000005,0.0031700000000000005
Tca 325 x 325 x 6,325.0,325.0,6.0,0.00756,0.00012748,0.000784,0.000901,0.00012748,0.000784,0.000901,0.00019698,0.00378,0.00378
Tca 325 x 325 x 8,325.0,325.0,8.0,0.00992,0.00016427,0.001011,0.001171,0.00016427,0.001011,0.001171,0.00025956,0.00496,0.00496
Tca 325 x 325 x 10,325.0,325.0,10.0,0.0123,0.00019966,0.0012289999999999998,0.001433,0.00019966,0.0012289999999999998,0.001433,0.0003195,0.00615,0.00615
Tca 400 x 400 x 8,400.0,400.0,8.0,0.0123,0.00031269,0.001563,0.0018,0.00031269,0.001563,0.0018,0.00048934,0.00615,0.00615
Tre 30 x 20 x 2,30.0,20.0,2.0,0.000174,1.94e-08,1.29e-06,1.6499999999999999e-06,1.02e-08,1.02e-06,1.24e-06,2.29e-08,6.96e-05,0.00010439999999999999
Tre 35 x 20 x 2,35.0,20.0,2.0,0.000194,2.8700000000000002e-08,1.6399999999999998e-06,2.1e-06,1.18e-08,1.18e-06,1.42e-06,2.8700000000000002e-08,7.054545454545454e-05,0.00012345454545454546
Tre 40 x 20 x 2,40.0,20.0,2.0,0.00021400000000000002,4.05e-08,2.0199999999999997e-06,2.6099999999999996e-06,1.3400000000000001e-08,1.34e-06,1.6e-06,3.5e-08,7.133333333333335e-05,0.0001426666666666667
Tre 40 x 20 x 2.5,40.0,20.0,2.5,0.000259,4.69e-08,2.35e-06,3.0899999999999996e-06,1.5400000000000002e-08,1.5399999999999999e-06,1.8799999999999998e-06,4.0999999999999997e-08,8.633333333333335e-05,0.0001726666666666667
Tre 40 x 27 x 2,40.0,27.0,2.0,0.000242,5.0599999999999996e-08,2.5299999999999995e-06,3.15e-06,2.73e-08,2.0299999999999996e-06,2.39e-06,5.91e-08,9.752238805970148e-05,0.0001444776119402985
Tre 40 x 27 x 2.5,40.0,27.0,2.5,0.000294,5.93e-08,2.96e-06,3.7499999999999997e-06,3.18e-08,2.36e-06,2.85e-06,7.05e-08,0.00011847761194029852,0.00017552238805970148
Tre 50 x 30 x 2,50.0,30.0,2.0,0.000294,9.54e-08,3.81e-06,4.74e-06,4.29e-08,2.8599999999999997e-06,3.33e-06,9.8e-08,0.00011025,0.00018375
Tre 50 x 30 x 2.5,50.0,30.0,2.5,0.000359,1.13e-07,4.519999999999999e-06,5.7e-06,5.05e-08,3.37e-06,3.98e-06,1.1699999999999999e-07,0.000134625,0.00022437500000000002
Tre 50 x 30 x 3,50.0,30.0,3.0,0.00042100000000000004,1.283e-07,5.13e-06,6.57e-06,5.7e-08,3.7999999999999996e-06,4.58e-06,1.35e-07,0.000157875,0.000263125
Tre 60 x 30 x 2,60.0,30.0,2.0,0.000334,1.5e-07,5.019999999999999e-06,6.31e-06,5.0800000000000005e-08,3.39e-06,3.89e-06,1.26e-07,0.00011133333333333332,0.00022266666666666664
Tre 60 x 30 x 2.5,60.0,30.0,2.5,0.000409,1.79e-07,5.98e-06,7.62e-06,6.000000000000001e-08,4e-06,4.669999999999999e-06,1.51e-07,0.00013633333333333336,0.0002726666666666667
Tre 60 x 30 x 3,60.0,30.0,3.0,0.000481,2.05e-07,6.83e-06,8.82e-06,6.8e-08,4.53e-06,5.389999999999999e-06,1.75e-07,0.00016033333333333335,0.0003206666666666667
Tre 60 x 34 x 2,60.0,34.0,2.0,0.00035,1.6399999999999999e-07,5.459999999999999e-06,6.7699999999999996e-06,6.769999999999999e-08,3.98e-06,4.57e-06,1.57e-07,0.00012659574468085104,0.00022340425531914895
Tre 60 x 34 x 2.5,60.0,34.0,2.5,0.000429,1.96e-07,6.53e-06,8.19e-06,8.03e-08,4.7300000000000005e-06,5.51e-06,1.9e-07,0.00015517021276595743,0.00027382978723404256
Tre 60 x 40 x 2,60.0,40.0,2.0,0.00037400000000000004,1.8410000000000001e-07,6.14e-06,7.47e-06,9.83e-08,4.9199999999999995e-06,5.65e-06,2.07e-07,0.0001496,0.0002244
Tre 60 x 40 x 3,60.0,40.0,3.0,0.000541,2.538e-07,8.46e-06,1.0529999999999999e-05,1.3439999999999999e-07,6.719999999999999e-06,7.94e-06,2.93e-07,0.0002164,0.00032460000000000003
Tre 60 x 40 x 4,60.0,40.0,4.0,0.0006950000000000001,3.0980000000000003e-07,1.033e-05,1.316e-05,1.628e-07,8.14e-06,9.89e-06,3.6700000000000004e-07,0.00027800000000000004,0.00041700000000000005
Tre 70 x 35 x 3,70.0,35.0,3.0,0.000571,3.39e-07,9.699999999999999e-06,1.24e-05,1.13e-07,6.48e-06,7.589999999999999e-06,2.87e-07,0.00019033333333333332,0.00038066666666666663
Tre 70 x 40 x 3,70.0,40.0,3.0,0.000601,3.7299999999999997e-07,1.07e-05,1.34e-05,1.55e-07,7.75e-06,9.05e-06,3.65e-07,0.00021854545454545453,0.0003824545454545454
Tre 70 x 40 x 4,70.0,40.0,4.0,0.0007750000000000001,4.6e-07,1.3099999999999998e-05,1.68e-05,1.8899999999999999e-07,9.44e-06,1.13e-05,4.58e-07,0.00028181818181818185,0.0004931818181818183
Tre 70 x 50 x 2.5,70.0,50.0,2.5,0.000559,3.8009999999999997e-07,1.086e-05,1.316e-05,2.259e-07,9.039999999999998e-06,1.0449999999999998e-05,4.58e-07,0.0002329166666666667,0.0003260833333333334
Tre 70 x 50 x 3,70.0,50.0,3.0,0.000661,4.405e-07,1.259e-05,1.5399999999999998e-05,2.61e-07,1.0439999999999998e-05,1.221e-05,5.36e-07,0.0002754166666666667,0.0003855833333333333
Tre 70 x 50 x 4,70.0,50.0,4.0,0.0008550000000000001,5.467e-07,1.562e-05,1.948e-05,3.222e-07,1.289e-05,1.541e-05,6.809999999999999e-07,0.00035625,0.0004987500000000001
Tre 80 x 40 x 2,80.0,40.0,2.0,0.00045400000000000003,3.736e-07,9.339999999999999e-06,1.1609999999999999e-05,1.272e-07,6.36e-06,7.17e-06,3.09e-07,0.00015133333333333334,0.0003026666666666667
Tre 80 x 40 x 2.5,80.0,40.0,2.5,0.000559,4.511e-07,1.1279999999999999e-05,1.414e-05,1.526e-07,7.63e-06,8.72e-06,3.7600000000000003e-07,0.00018633333333333335,0.0003726666666666667
Tre 80 x 40 x 3,80.0,40.0,3.0,0.000661,5.225e-07,1.306e-05,1.6539999999999997e-05,1.7559999999999998e-07,8.779999999999999e-06,1.016e-05,4.39e-07,0.00022033333333333334,0.0004406666666666667
Tre 80 x 40 x 4,80.0,40.0,4.0,0.0008550000000000001,6.479000000000001e-07,1.6199999999999997e-05,2.0909999999999998e-05,2.1480000000000002e-07,1.074e-05,1.277e-05,5.520000000000001e-07,0.000285,0.00057
Tre 80 x 40 x 5,80.0,40.0,5.0,0.001036,7.51e-07,1.878e-05,2.473e-05,2.459e-07,1.229e-05,1.5019999999999998e-05,6.5e-07,0.0003453333333333334,0.0006906666666666668
Tre 80 x 50 x 3,80.0,50.0,3.0,0.0007210000000000001,6.110000000000001e-07,1.53e-05,1.88e-05,2.94e-07,1.18e-05,1.3599999999999999e-05,6.5e-07,0.00027730769230769237,0.00044369230769230776
Tre 80 x 50 x 4,80.0,50.0,4.0,0.000935,7.640000000000001e-07,1.91e-05,2.4e-05,3.65e-07,1.4599999999999999e-05,1.7199999999999998e-05,8.270000000000001e-07,0.0003596153846153846,0.0005753846153846153
Tre 80 x 50 x 5,80.0,50.0,5.0,0.0011400000000000002,8.920000000000001e-07,2.23e-05,2.8499999999999998e-05,4.2299999999999996e-07,1.6899999999999997e-05,2.05e-05,9.84e-07,0.00043846153846153856,0.0007015384615384617
Tre 80 x 60 x 2,80.0,60.0,2.0,0.000534,4.953e-07,1.238e-05,1.473e-05,3.187e-07,1.0619999999999998e-05,1.211e-05,6.12e-07,0.00022885714285714284,0.0003051428571428571
Tre 80 x 60 x 3,80.0,60.0,3.0,0.000781,7.005e-07,1.751e-05,2.116e-05,4.489e-07,1.496e-05,1.737e-05,8.83e-07,0.0003347142857142857,0.0004462857142857143
Tre 80 x 60 x 4,80.0,60.0,4.0,0.001015,8.792e-07,2.198e-05,2.6989999999999997e-05,5.611e-07,1.8699999999999997e-05,2.212e-05,1.131e-06,0.000435,0.0005800000000000001
Tre 80 x 60 x 6,80.0,60.0,6.0,0.00144,1.1600000000000001e-06,2.91e-05,3.6899999999999996e-05,7.359999999999999e-07,2.45e-05,3.02e-05,1.56e-06,0.0006171428571428572,0.000822857142857143
Tre 90 x 50 x 3,90.0,50.0,3.0,0.000781,8.185e-07,1.819e-05,2.26e-05,3.2740000000000003e-07,1.3099999999999998e-05,1.5029999999999998e-05,7.67e-07,0.00027892857142857146,0.0005020714285714287
Tre 90 x 50 x 4,90.0,50.0,4.0,0.001015,1.0270999999999999e-06,2.282e-05,2.882e-05,4.0710000000000004e-07,1.628e-05,1.909e-05,9.770000000000001e-07,0.00036250000000000003,0.0006525
Tre 90 x 50 x 5,90.0,50.0,5.0,0.001236,1.206e-06,2.68e-05,3.441e-05,4.7369999999999996e-07,1.895e-05,2.27e-05,1.165e-06,0.0004414285714285714,0.0007945714285714286
Tre 100 x 40 x 2,100.0,40.0,2.0,0.000534,6.540000000000001e-07,1.3099999999999998e-05,1.6499999999999998e-05,1.56e-07,7.81e-06,8.69e-06,4.15e-07,0.00015257142857142856,0.0003814285714285714
Tre 100 x 40 x 3,100.0,40.0,3.0,0.000781,9.234e-07,1.8469999999999998e-05,2.3749999999999998e-05,2.1670000000000003e-07,1.084e-05,1.238e-05,5.9e-07,0.00022314285714285714,0.0005578571428571429
Tre 100 x 40 x 4,100.0,40.0,4.0,0.001015,1.1569e-06,2.314e-05,3.026e-05,2.6690000000000004e-07,1.334e-05,1.565e-05,7.450000000000001e-07,0.00029000000000000006,0.0007250000000000001
Tre 100 x 40 x 5,100.0,40.0,5.0,0.001236,1.356e-06,2.712e-05,3.609e-05,3.0760000000000003e-07,1.538e-05,1.852e-05,8.790000000000001e-07,0.00035314285714285715,0.0008828571428571428
Tre 100 x 50 x 2,100.0,50.0,2.0,0.0005740000000000001,7.5e-07,1.4999999999999999e-05,1.85e-05,2.57e-07,1.03e-05,1.15e-05,6.16e-07,0.00019133333333333337,0.00038266666666666673
Tre 100 x 50 x 2.5,100.0,50.0,2.5,0.000709,9.12e-07,1.8239999999999998e-05,2.267e-05,3.106e-07,1.242e-05,1.401e-05,7.540000000000001e-07,0.00023633333333333335,0.0004726666666666667
Tre 100 x 50 x 3,100.0,50.0,3.0,0.0008410000000000001,1.0646e-06,2.1289999999999998e-05,2.666e-05,3.6060000000000004e-07,1.442e-05,1.6440000000000002e-05,8.86e-07,0.00028033333333333333,0.0005606666666666667
Tre 100 x 50 x 4,100.0,50.0,4.0,0.001095,1.3414e-06,2.6829999999999996e-05,3.41e-05,4.4950000000000005e-07,1.798e-05,2.0929999999999998e-05,1.13e-06,0.000365,0.00073
Tre 100 x 50 x 5,100.0,50.0,5.0,0.001336,1.5818e-06,3.164e-05,4.084e-05,5.245e-07,2.098e-05,2.4949999999999997e-05,1.3490000000000001e-06,0.00044533333333333333,0.0008906666666666667
Tre 100 x 60 x 3,100.0,60.0,3.0,0.000901,1.2057e-06,2.4109999999999998e-05,2.957e-05,5.465e-07,1.822e-05,2.079e-05,1.217e-06,0.00033787499999999996,0.000563125
Tre 100 x 60 x 4,100.0,60.0,4.0,0.001175,1.5258e-06,3.052e-05,3.794e-05,6.868e-07,2.289e-05,2.66e-05,1.5630000000000001e-06,0.00044062500000000004,0.000734375
Tre 100 x 60 x 5,100.0,60.0,5.0,0.001436,1.8075999999999999e-06,3.615e-05,4.559e-05,8.081999999999999e-07,2.694e-05,3.188e-05,1.8790000000000001e-06,0.0005385,0.0008975000000000001
Tre 100 x 80 x 3,100.0,80.0,3.0,0.0010210000000000002,1.4881e-06,2.976e-05,3.539e-05,1.0564e-06,2.641e-05,3.0399999999999997e-05,1.961e-06,0.0004537777777777779,0.0005672222222222223
Tre 100 x 80 x 4,100.0,80.0,4.0,0.001335,1.8946e-06,3.789e-05,4.5619999999999994e-05,1.3417e-06,3.354e-05,3.9149999999999996e-05,2.538e-06,0.0005933333333333334,0.0007416666666666667
Tre 100 x 80 x 5,100.0,80.0,5.0,0.001636,2.2593e-06,4.518999999999999e-05,5.509e-05,1.596e-06,3.9899999999999994e-05,4.722999999999999e-05,3.075e-06,0.0007271111111111111,0.0009088888888888889
Tre 120 x 60 x 3,120.0,60.0,3.0,0.0010210000000000002,1.8912e-06,3.1519999999999996e-05,3.918e-05,6.440000000000001e-07,2.147e-05,2.421e-05,1.5630000000000001e-06,0.0003403333333333334,0.0006806666666666668
Tre 120 x 60 x 4,120.0,60.0,4.0,0.001335,2.4074e-06,4.0119999999999995e-05,5.049e-05,8.125000000000001e-07,2.7079999999999998e-05,3.1079999999999994e-05,2.011e-06,0.00044500000000000003,0.0008900000000000001
Tre 120 x 60 x 5,120.0,60.0,5.0,0.001636,2.8697000000000002e-06,4.7829999999999994e-05,6.095e-05,9.599e-07,3.2e-05,3.738e-05,2.422e-06,0.0005453333333333334,0.0010906666666666669
Tre 120 x 60 x 7,120.0,60.0,7.0,0.0021600000000000005,3.49e-06,5.811999999999999e-05,7.68e-05,1.1600000000000001e-06,3.8599999999999996e-05,4.7e-05,3.12e-06,0.0007200000000000002,0.0014400000000000003
Tre 120 x 80 x 3,120.0,80.0,3.0,0.001141,2.3019e-06,3.8369999999999993e-05,4.62e-05,1.2343000000000002e-06,3.086e-05,3.502e-05,2.555e-06,0.0004564,0.0006846
Tre 120 x 80 x 4,120.0,80.0,4.0,0.001495,2.9458e-06,4.91e-05,5.977e-05,1.5729e-06,3.9319999999999996e-05,4.522999999999999e-05,3.312e-06,0.000598,0.000897
Tre 120 x 80 x 5,120.0,80.0,5.0,0.001836,3.5313999999999998e-06,5.8859999999999995e-05,7.245e-05,1.8777e-06,4.6939999999999994e-05,5.472999999999999e-05,4.023e-06,0.0007344000000000001,0.0011015999999999999
Tre 140 x 40 x 3,140.0,40.0,3.0,0.00102,2.22e-06,3.17e-05,4.179999999999999e-05,2.99e-07,1.4999999999999999e-05,1.68e-05,9.03e-07,0.00022666666666666668,0.0007933333333333334
Tre 140 x 40 x 4,140.0,40.0,4.0,0.0013300000000000002,2.82e-06,4.02e-05,5.379999999999999e-05,3.7100000000000003e-07,1.86e-05,2.14e-05,1.14e-06,0.00029555555555555563,0.0010344444444444446
Tre 140 x 40 x 5,140.0,40.0,5.0,0.00164,3.35e-06,4.7799999999999996e-05,6.479999999999999e-05,4.3100000000000003e-07,2.1499999999999997e-05,2.55e-05,1.35e-06,0.0003644444444444444,0.0012755555555555556
Tre 140 x 60 x 3,140.0,60.0,3.0,0.0011400000000000002,2.78e-06,3.97e-05,4.9999999999999996e-05,7.420000000000001e-07,2.4699999999999997e-05,2.76e-05,1.9200000000000003e-06,0.0003420000000000001,0.0007980000000000001
Tre 140 x 60 x 4,140.0,60.0,4.0,0.00149,3.5600000000000002e-06,5.0799999999999995e-05,6.46e-05,9.38e-07,3.13e-05,3.56e-05,2.47e-06,0.000447,0.001043
Tre 140 x 60 x 5,140.0,60.0,5.0,0.0018399999999999998,4.26e-06,6.0799999999999994e-05,7.829999999999999e-05,1.11e-06,3.71e-05,4.29e-05,2.9800000000000003e-06,0.000552,0.001288
Tre 140 x 60 x 6,140.0,60.0,6.0,0.0021600000000000005,4.89e-06,6.99e-05,9.099999999999999e-05,1.26e-06,4.21e-05,4.96e-05,3.44e-06,0.0006480000000000001,0.0015120000000000003
Tre 140 x 80 x 3,140.0,80.0,3.0,0.00126,3.34e-06,4.7799999999999996e-05,5.82e-05,1.41e-06,3.53e-05,3.96e-05,3.17e-06,0.0004581818181818182,0.0008018181818181819
Tre 140 x 80 x 4,140.0,80.0,4.0,0.0016550000000000002,4.296e-06,6.136999999999999e-05,7.551e-05,1.8041999999999998e-06,4.51e-05,5.131e-05,4.116e-06,0.0006018181818181819,0.0010531818181818183
Tre 140 x 80 x 5,140.0,80.0,5.0,0.002036,5.1705e-06,7.386e-05,9.18e-05,2.1594e-06,5.3979999999999995e-05,6.222999999999999e-05,5.005e-06,0.0007403636363636363,0.0012956363636363636
Tre 140 x 80 x 7,140.0,80.0,7.0,0.00272,6.4900000000000005e-06,9.27e-05,0.000118,2.7e-06,6.75e-05,8.02e-05,6.61e-06,0.000989090909090909,0.0017309090909090911
Tre 150 x 50 x 3,150.0,50.0,3.0,0.0011400000000000002,2.99e-06,3.98e-05,5.1399999999999996e-05,5.26e-07,2.11e-05,2.35e-05,1.5e-06,0.00028500000000000004,0.0008550000000000001
Tre 150 x 50 x 4,150.0,50.0,4.0,0.00149,3.81e-06,5.09e-05,6.65e-05,6.620000000000001e-07,2.65e-05,3.01e-05,1.9200000000000003e-06,0.0003725,0.0011175
Tre 150 x 50 x 5,150.0,50.0,5.0,0.0018399999999999998,4.56e-06,6.0799999999999994e-05,8.049999999999999e-05,7.790000000000001e-07,3.11e-05,3.62e-05,2.3e-06,0.00046,0.00138
Tre 150 x 50 x 6,150.0,50.0,6.0,0.0021600000000000005,5.23e-06,6.979999999999999e-05,9.35e-05,8.790000000000001e-07,3.52e-05,4.1700000000000004e-05,2.64e-06,0.0005400000000000001,0.0016200000000000003
Tre 150 x 100 x 3,150.0,100.0,3.0,0.00144,4.61e-06,6.14e-05,7.35e-05,2.48e-06,4.95e-05,5.5799999999999994e-05,5.07e-06,0.000576,0.0008640000000000001
Tre 150 x 100 x 4,150.0,100.0,4.0,0.001895,5.946e-06,7.928e-05,9.567e-05,3.1856e-06,6.371e-05,7.25e-05,6.616000000000001e-06,0.000758,0.001137
Tre 150 x 100 x 5,150.0,100.0,5.0,0.002336,7.192000000000001e-06,9.588999999999999e-05,0.00011673,3.8401e-06,7.68e-05,8.834e-05,8.087e-06,0.0009344,0.0014016
Tre 160 x 80 x 3,160.0,80.0,3.0,0.0013800000000000002,4.6400000000000005e-06,5.8e-05,7.14e-05,1.59e-06,3.98e-05,4.429999999999999e-05,3.8e-06,0.00046000000000000007,0.0009200000000000001
Tre 160 x 80 x 4,160.0,80.0,4.0,0.001815,5.977100000000001e-06,7.471e-05,9.286e-05,2.0354e-06,5.0889999999999996e-05,5.739e-05,4.941000000000001e-06,0.000605,0.00121
Tre 160 x 80 x 5,160.0,80.0,5.0,0.002236,7.216799999999999e-06,9.020999999999999e-05,0.00011316,2.441e-06,6.103e-05,6.973e-05,6.013e-06,0.0007453333333333334,0.0014906666666666668
Tre 180 x 80 x 3,180.0,80.0,3.0,0.0015,6.21e-06,6.9e-05,8.58e-05,1.77e-06,4.4200000000000004e-05,4.8899999999999996e-05,4.45e-06,0.00046153846153846153,0.0010384615384615384
Tre 180 x 80 x 4,180.0,80.0,4.0,0.00197,8.02e-06,8.909999999999998e-05,0.000112,2.27e-06,5.67e-05,6.35e-05,5.78e-06,0.0006061538461538461,0.0013638461538461536
Tre 180 x 80 x 5,180.0,80.0,5.0,0.00244,9.71e-06,0.000108,0.000137,2.7200000000000002e-06,6.809999999999999e-05,7.719999999999999e-05,7.04e-06,0.0007507692307692307,0.0016892307692307693
Tre 180 x 80 x 6,180.0,80.0,6.0,0.00288,1.128e-05,0.000125,0.00015999999999999999,3.14e-06,7.85e-05,9.02e-05,8.23e-06,0.0008861538461538462,0.001993846153846154
Tre 180 x 80 x 7,180.0,80.0,7.0,0.00328,1.239e-05,0.000138,0.000178,3.45e-06,8.62e-05,0.000101,9.34e-06,0.0010092307692307692,0.0022707692307692307
Tre 180 x 80 x 8,180.0,80.0,8.0,0.0036799999999999997,1.362e-05,0.00015099999999999998,0.000198,3.77e-06,9.409999999999998e-05,0.000111,1.036e-05,0.0011323076923076922,0.0025476923076923077
Tre 200 x 100 x 3,200.0,100.0,3.0,0.0017410000000000001,9.2433e-06,9.243000000000001e-05,0.00011325,3.1823000000000004e-06,6.365e-05,7.031e-05,7.543e-06,0.0005803333333333333,0.0011606666666666666
Tre 200 x 100 x 4,200.0,100.0,4.0,0.002295,1.1997e-05,0.00011996999999999999,0.00014804,4.1078e-06,8.216e-05,9.169999999999999e-05,9.854e-06,0.0007650000000000001,0.0015300000000000001
Tre 200 x 100 x 5,200.0,100.0,5.0,0.002836,1.45925e-05,0.00014591999999999999,0.00018137,4.9693e-06,9.939e-05,0.00011208999999999999,1.2063e-05,0.0009453333333333334,0.0018906666666666668
Tre 200 x 100 x 6,200.0,100.0,6.0,0.0033630000000000005,1.7033e-05,0.00017033,0.00021327,5.7690999999999995e-06,0.00011538,0.0001315,1.417e-05,0.0011210000000000003,0.0022420000000000005
Tre 200 x 150 x 3,200.0,150.0,3.0,0.00204,1.215e-05,0.000122,0.000143,7.85e-06,0.00010499999999999999,0.000118,1.478e-05,0.0008742857142857144,0.0011657142857142858
Tre 200 x 150 x 4,200.0,150.0,4.0,0.002695,1.5839200000000002e-05,0.00015838999999999998,0.00018724,1.02103e-05,0.00013613999999999998,0.00015407,1.942e-05,0.001155,0.0015400000000000001
Tre 200 x 150 x 5,200.0,150.0,5.0,0.003336,1.9346600000000002e-05,0.00019347,0.00023012,1.24503e-05,0.000166,0.00018922999999999998,2.3914000000000002e-05,0.0014297142857142857,0.0019062857142857143
Tre 200 x 150 x 6,200.0,150.0,6.0,0.003963,2.26802e-05,0.0002268,0.00027147,1.45711e-05,0.00019428,0.00022308,2.8261999999999998e-05,0.0016984285714285714,0.0022645714285714287
Tre 200 x 150 x 8,200.0,150.0,8.0,0.00512,2.8290000000000002e-05,0.000283,0.00034399999999999996,1.816e-05,0.000242,0.000283,3.665e-05,0.002194285714285714,0.002925714285714286
Tre 200 x 150 x 10,200.0,150.0,10.0,0.006260000000000001,3.348e-05,0.000335,0.00041299999999999996,2.143e-05,0.000286,0.000339,4.428e-05,0.0026828571428571435,0.0035771428571428577
Tre 200 x 150 x 12,200.0,150.0,12.0,0.007209999999999999,3.668e-05,0.000367,0.000463,2.353e-05,0.000314,0.00037999999999999997,5.099e-05,0.00309,0.0041199999999999995
Tre 250 x 100 x 3,250.0,100.0,3.0,0.0020410000000000003,1.60563e-05,0.00012844999999999998,0.00016052000000000001,3.8882e-06,7.776e-05,8.486e-05,1.0117e-05,0.0005831428571428573,0.0014578571428571431
Tre 250 x 100 x 4,250.0,100.0,4.0,0.002695,2.0916500000000002e-05,0.00016733,0.00021040999999999999,5.0299e-06,0.00010059999999999999,0.0001109,1.3225e-05,0.0007700000000000001,0.0019249999999999998
Tre 250 x 100 x 5,250.0,100.0,5.0,0.003336,2.55375e-05,0.0002043,0.00025851,6.0985e-06,0.00012197,0.00013584,1.6201e-05,0.0009531428571428572,0.0023828571428571427
Tre 250 x 100 x 6,250.0,100.0,6.0,0.003963,2.99233e-05,0.00023938999999999997,0.00030485,7.0963e-06,0.00014193,0.00015969999999999998,1.9045e-05,0.0011322857142857144,0.0028307142857142862
Tre 250 x 100 x 8,250.0,100.0,8.0,0.00512,3.714e-05,0.000297,0.000385,8.750000000000001e-06,0.000175,0.00020099999999999998,2.4390000000000002e-05,0.001462857142857143,0.003657142857142857
Tre 250 x 100 x 10,250.0,100.0,10.0,0.006260000000000001,4.384e-05,0.00035099999999999997,0.00046199999999999995,1.021e-05,0.000204,0.00023999999999999998,2.91e-05,0.0017885714285714289,0.0044714285714285715
Tre 250 x 100 x 12,250.0,100.0,12.0,0.007209999999999999,4.757e-05,0.000381,0.0005149999999999999,1.109e-05,0.000222,0.000268,3.287e-05,0.0020599999999999998,0.005149999999999999
Tre 250 x 150 x 4,250.0,150.0,4.0,0.00309,2.697e-05,0.000216,0.00026,1.234e-05,0.000165,0.000183,2.665e-05,0.0011587499999999998,0.0019312499999999998
Tre 300 x 100 x 4,300.0,100.0,4.0,0.00309,3.32e-05,0.00022099999999999998,0.000283,5.95e-06,0.00011899999999999999,0.00013,1.668e-05,0.0007725,0.0023174999999999997
Tre 300 x 100 x 5,300.0,100.0,5.0,0.00384,4.065e-05,0.000271,0.000348,7.23e-06,0.000145,0.00015999999999999999,2.044e-05,0.00096,0.00288
Tre 300 x 100 x 12,300.0,100.0,12.0,0.008409999999999999,7.808e-05,0.000521,0.00071,1.343e-05,0.000269,0.000321,4.177e-05,0.0021024999999999998,0.006307499999999999
Tre 300 x 150 x 5,300.0,150.0,5.0,0.00434,5.153e-05,0.00034399999999999996,0.00042199999999999996,1.771e-05,0.000236,0.00026199999999999997,4.214e-05,0.0014466666666666666,0.0028933333333333333
Tre 300 x 150 x 6,300.0,150.0,6.0,0.0051600000000000005,6.0740000000000005e-05,0.000405,0.0005,2.08e-05,0.000277,0.000309,4.9880000000000004e-05,0.0017200000000000004,0.0034400000000000008
Tre 300 x 150 x 8,300.0,150.0,8.0,0.00672,7.684e-05,0.000512,0.0006399999999999999,2.623e-05,0.00035,0.000396,6.491e-05,0.00224,0.00448
Tre 300 x 200 x 4,300.0,200.0,4.0,0.0038900000000000002,5.0730000000000004e-05,0.000338,0.000401,2.737e-05,0.000274,0.000305,5.5270000000000004e-05,0.001556,0.002334
Tre 300 x 200 x 5,300.0,200.0,5.0,0.00484,6.241000000000001e-05,0.000416,0.000496,3.361e-05,0.000336,0.000376,6.836e-05,0.001936,0.002904
Tre 400 x 200 x 5,400.0,200.0,5.0,0.00584,0.0001249,0.000624,0.000762,4.312e-05,0.00043099999999999996,0.000474,0.00010159000000000001,0.0019466666666666666,0.0038933333333333333
Tre 400 x 200 x 6,400.0,200.0,6.0,0.00696,0.00014789,0.000739,0.000906,5.092e-05,0.000509,0.000562,0.00012069,0.00232,0.00464
Tre 400 x 250 x 5,400.0,250.0,5.0,0.00634,0.0001444,0.000722,0.000861,7.056e-05,0.000565,0.0006259999999999999,0.00014773,0.0024384615384615382,0.0039015384615384615
Tre 400 x 250 x 6,400.0,250.0,6.0,0.00756,0.00017118,0.000856,0.001024,8.352e-05,0.000668,0.000744,0.0001758,0.0029076923076923077,0.004652307692307693
Tre 400 x 250 x 8,400.0,250.0,8.0,0.00992,0.00022048,0.001102,0.00133,0.00010744,0.00086,0.000966,0.00023127,0.0038153846153846155,0.0061046153846153845
Tci 21.3 x 2,21.3,,2.0,0.000121,5.7e-09,5.4e-07,7.48e-07,5.7e-09,5.4e-07,7.48e-07,1.14e-08,7.703099245647735e-05,7.703099245647735e-05
Tci 21.3 x 2.3,21.3,,2.3,0.00013700000000000002,6.29e-09,5.9e-07,8.34e-07,6.29e-09,5.9e-07,8.34e-07,1.26e-08,8.721690881435866e-05,8.721690881435866e-05
Tci 25 x 2,25.0,,2.0,0.000145,9.63e-09,7.699999999999999e-07,1.06e-06,9.63e-09,7.699999999999999e-07,1.06e-06,1.93e-08,9.23098669932993e-05,9.23098669932993e-05
Tci 26.9 x 2,26.9,,2.0,0.00015600000000000002,1.22e-08,9.1e-07,1.243e-06,1.22e-08,9.1e-07,1.243e-06,2.44e-08,9.93126844893427e-05,9.93126844893427e-05
Tci 26.9 x 2.3,26.9,,2.3,0.00017800000000000002,1.3600000000000001e-08,1.0099999999999999e-06,1.4e-06,1.3600000000000001e-08,1.0099999999999999e-06,1.4e-06,2.71e-08,0.0001133183194814295,0.0001133183194814295
Tci 30 x 2,30.0,,2.0,0.00017600000000000002,1.73e-08,1.16e-06,1.57e-06,1.73e-08,1.16e-06,1.57e-06,3.47e-08,0.00011204507993669434,0.00011204507993669434
Tci 33.7 x 2,33.7,,2.0,0.000199,2.511e-08,1.49e-06,2.012e-06,2.511e-08,1.49e-06,2.012e-06,5.02e-08,0.0001266873347011487,0.0001266873347011487
Tci 33.7 x 2.6,33.7,,2.6,0.000254,3.09e-08,1.84e-06,2.52e-06,3.09e-08,1.84e-06,2.52e-06,6.19e-08,0.00016170142218136567,0.00016170142218136567
Tci 33.7 x 2.9,33.7,,2.9,0.000281,3.3599999999999996e-08,1.99e-06,2.76e-06,3.3599999999999996e-08,1.99e-06,2.76e-06,9.710000000000002e-08,0.00017889015603529036,0.00017889015603529036
Tci 33.7 x 3,33.7,,3.0,0.00028900000000000003,3.44e-08,2.04e-06,2.84e-06,3.44e-08,2.04e-06,2.84e-06,6.88e-08,0.00018398311421423104,0.00018398311421423104
Tci 35 x 2,35.0,,2.0,0.000207,2.8300000000000002e-08,1.62e-06,2.18e-06,2.8300000000000002e-08,1.62e-06,2.18e-06,5.67e-08,0.00013178029288008934,0.00013178029288008934
Tci 40 x 2,40.0,,2.0,0.00023900000000000004,4.32e-08,2.16e-06,2.89e-06,4.32e-08,2.16e-06,2.89e-06,8.64e-08,0.00015215212559585196,0.00015215212559585196
Tci 42.4 x 2,42.4,,2.0,0.000254,5.1890000000000003e-08,2.4500000000000003e-06,3.267e-06,5.1890000000000003e-08,2.4500000000000003e-06,3.267e-06,1.0380000000000002e-07,0.00016170142218136567,0.00016170142218136567
Tci 42.4 x 2.6,42.4,,2.6,0.00032500000000000004,6.46e-08,3.0499999999999996e-06,4.1199999999999995e-06,6.46e-08,3.0499999999999996e-06,4.1199999999999995e-06,1.29e-07,0.00020690142601946396,0.00020690142601946396
Tci 42.4 x 2.9,42.4,,2.9,0.00036,7.06e-08,3.33e-06,4.53e-06,7.06e-08,3.33e-06,4.53e-06,1.41e-07,0.0002291831180523293,0.0002291831180523293
Tci 42.4 x 3.2,42.4,,3.2,0.00039400000000000004,7.620000000000001e-08,3.5899999999999995e-06,4.929999999999999e-06,7.620000000000001e-08,3.5899999999999995e-06,4.929999999999999e-06,1.5199999999999998e-07,0.0002508281903128271,0.0002508281903128271
Tci 45 x 2,45.0,,2.0,0.00027000000000000006,6.26e-08,2.7799999999999996e-06,3.7e-06,6.26e-08,2.7799999999999996e-06,3.7e-06,1.25e-07,0.000171887338539247,0.000171887338539247
Tci 48.3 x 2,48.3,,2.0,0.000291,7.806e-08,3.23e-06,4.29e-06,7.806e-08,3.23e-06,4.29e-06,1.561e-07,0.0001852563537589662,0.0001852563537589662
Tci 48.3 x 2.5,48.3,,2.5,0.00036,9.455e-08,3.92e-06,5.248999999999999e-06,9.455e-08,3.92e-06,5.248999999999999e-06,1.891e-07,0.0002291831180523293,0.0002291831180523293
Tci 48.3 x 2.9,48.3,,2.9,0.000414,1.0699999999999999e-07,4.43e-06,5.99e-06,1.0699999999999999e-07,4.43e-06,5.99e-06,2.1399999999999998e-07,0.0002635605857601787,0.0002635605857601787
Tci 48.3 x 3.2,48.3,,3.2,0.00045300000000000006,1.1599999999999999e-07,4.8e-06,6.519999999999999e-06,1.1599999999999999e-07,4.8e-06,6.519999999999999e-06,2.3199999999999999e-07,0.0002883887568825144,0.0002883887568825144
Tci 50 x 2,50.0,,2.0,0.000302,8.7e-08,3.4799999999999997e-06,4.61e-06,8.7e-08,3.4799999999999997e-06,4.61e-06,1.74e-07,0.0001922591712550096,0.0001922591712550096
Tci 60.3 x 2,60.3,,2.0,0.000366,1.5573e-07,5.17e-06,6.799999999999999e-06,1.5573e-07,5.17e-06,6.799999999999999e-06,3.115e-07,0.00023300283668653478,0.00023300283668653478
Tci 60.3 x 2.5,60.3,,2.5,0.00045400000000000003,1.8983e-07,6.3e-06,8.357e-06,1.8983e-07,6.3e-06,8.357e-06,3.797e-07,0.00028902537665488197,0.00028902537665488197
Tci 60.3 x 2.9,60.3,,2.9,0.000523,2.1600000000000003e-07,7.16e-06,9.56e-06,2.1600000000000003e-07,7.16e-06,9.56e-06,4.3200000000000006e-07,0.00033295214094824507,0.00033295214094824507
Tci 60.3 x 3.2,60.3,,3.2,0.0005740000000000001,2.35e-07,7.78e-06,1.04e-05,2.35e-07,7.78e-06,1.04e-05,4.69e-07,0.00036541974933899176,0.00036541974933899176
Tci 70 x 2.9,70.0,,2.9,0.0006110000000000001,3.4500000000000003e-07,9.849999999999999e-06,1.3099999999999998e-05,3.4500000000000003e-07,9.849999999999999e-06,1.3099999999999998e-05,6.890000000000001e-07,0.0003889746809165923,0.0003889746809165923
Tci 76.1 x 2,76.1,,2.0,0.0004650000000000001,3.1962e-07,8.4e-06,1.0984e-05,3.1962e-07,8.4e-06,1.0984e-05,6.392000000000001e-07,0.00029602819415092536,0.00029602819415092536
Tci 76.1 x 2.9,76.1,,2.9,0.0006670000000000001,4.47e-07,1.18e-05,1.55e-05,4.47e-07,1.18e-05,1.55e-05,8.95e-07,0.0004246253881691768,0.0004246253881691768
Tci 76.1 x 3.2,76.1,,3.2,0.000733,4.88e-07,1.28e-05,1.7e-05,4.88e-07,1.28e-05,1.7e-05,9.76e-07,0.00046664229314543715,0.00046664229314543715
Tci 76.1 x 4,76.1,,4.0,0.0009060000000000001,5.9026e-07,1.551e-05,2.0815e-05,5.9026e-07,1.551e-05,2.0815e-05,1.1805e-06,0.0005767775137650288,0.0005767775137650288
Tci 88.9 x 2,88.9,,2.0,0.000546,5.1542e-07,1.1599999999999999e-05,1.5105999999999999e-05,5.1542e-07,1.1599999999999999e-05,1.5105999999999999e-05,1.0308e-06,0.00034759439571269943,0.00034759439571269943
Tci 88.9 x 3,88.9,,3.0,0.000809,7.4726e-07,1.6809999999999997e-05,2.2145e-05,7.4726e-07,1.6809999999999997e-05,2.2145e-05,1.4944999999999998e-06,0.0005150253958453733,0.0005150253958453733
Tci 88.9 x 3.2,88.9,,3.2,0.0008619999999999999,7.92e-07,1.78e-05,2.35e-05,7.92e-07,1.78e-05,2.35e-05,1.5800000000000001e-06,0.0005487662437808551,0.0005487662437808551
Tci 88.9 x 4,88.9,,4.0,0.001066,9.6291e-07,2.166e-05,2.8853e-05,9.6291e-07,2.166e-05,2.8853e-05,1.9258000000000003e-06,0.0006786366773438418,0.0006786366773438418
Tci 88.9 x 5,88.9,,5.0,0.001317,1.16315e-06,2.6170000000000002e-05,3.5238e-05,1.16315e-06,2.6170000000000002e-05,3.5238e-05,2.3263e-06,0.0008384282402081047,0.0008384282402081047
Tci 101.6 x 2,101.6,,2.0,0.000625,7.7593e-07,1.5269999999999998e-05,1.9843e-05,7.7593e-07,1.5269999999999998e-05,1.9843e-05,1.5519e-06,0.0003978873577297384,0.0003978873577297384
Tci 101.6 x 3,101.6,,3.0,0.0009289999999999999,1.12978e-06,2.2239999999999997e-05,2.9175e-05,1.12978e-06,2.2239999999999997e-05,2.9175e-05,2.2596e-06,0.000591419768529483,0.000591419768529483
Tci 101.6 x 3.6,101.6,,3.6,0.00111,1.33e-06,2.6199999999999996e-05,3.46e-05,1.33e-06,2.6199999999999996e-05,3.46e-05,2.66e-06,0.0007066479473280154,0.0007066479473280154
Tci 101.6 x 4,101.6,,4.0,0.001226,1.4621000000000002e-06,2.878e-05,3.8124e-05,1.4621000000000002e-06,2.878e-05,3.8124e-05,2.9242000000000003e-06,0.0007804958409226548,0.0007804958409226548
Tci 101.6 x 5,101.6,,5.0,0.0015170000000000001,1.77379e-06,3.492e-05,4.6698999999999995e-05,1.77379e-06,3.492e-05,4.6698999999999995e-05,3.5476e-06,0.000965752194681621,0.000965752194681621
Tci 114.3 x 2,114.3,,2.0,0.000706,1.11e-06,1.95e-05,2.52e-05,1.11e-06,1.95e-05,2.52e-05,2.2300000000000002e-06,0.00044945355929151246,0.00044945355929151246
Tci 114.3 x 3,114.3,,3.0,0.001048,1.62466e-06,2.8429999999999997e-05,3.7171999999999996e-05,1.62466e-06,2.8429999999999997e-05,3.7171999999999996e-05,3.2493e-06,0.0006671775214412253,0.0006671775214412253
Tci 114.3 x 3.6,114.3,,3.6,0.00125,1.9200000000000003e-06,3.36e-05,4.41e-05,1.9200000000000003e-06,3.36e-05,4.41e-05,3.8400000000000005e-06,0.0007957747154594768,0.0007957747154594768
Tci 114.3 x 4,114.3,,4.0,0.001385,2.10958e-06,3.691e-05,4.8686e-05,2.10958e-06,3.691e-05,4.8686e-05,4.2192e-06,0.0008817183847291001,0.0008817183847291001
Tci 114.3 x 5,114.3,,5.0,0.001716,2.5679000000000004e-06,4.493e-05,5.9774e-05,2.5679000000000004e-06,4.493e-05,5.9774e-05,5.135800000000001e-06,0.0010924395293827698,0.0010924395293827698
Tci 127 x 3,127.0,,3.0,0.00117,2.25e-06,3.54e-05,4.61e-05,2.25e-06,3.54e-05,4.61e-05,4.5e-06,0.0007448451336700702,0.0007448451336700702
Tci 133 x 3,133.0,,3.0,0.0012300000000000002,2.59e-06,3.89e-05,5.07e-05,2.59e-06,3.89e-05,5.07e-05,5.18e-06,0.0007830423200121252,0.0007830423200121252
Tci 133 x 4,133.0,,4.0,0.00162,3.3800000000000002e-06,5.0799999999999995e-05,6.659999999999999e-05,3.3800000000000002e-06,5.0799999999999995e-05,6.659999999999999e-05,6.75e-06,0.0010313240312354818,0.0010313240312354818
Tci 133 x 5,133.0,,5.0,0.00201,4.12e-06,6.2e-05,8.2e-05,4.12e-06,6.2e-05,8.2e-05,8.25e-06,0.0012796057424588386,0.0012796057424588386
Tci 133 x 6,133.0,,6.0,0.0023899999999999998,4.84e-06,7.719999999999999e-05,9.68e-05,4.84e-06,7.719999999999999e-05,9.68e-05,9.67e-06,0.0015215212559585194,0.0015215212559585194
Tci 139.7 x 3,139.7,,3.0,0.001288,3.0093700000000004e-06,4.3079999999999994e-05,5.607e-05,3.0093700000000004e-06,4.3079999999999994e-05,5.607e-05,6.0187000000000005e-06,0.0008199662668094449,0.0008199662668094449
Tci 139.7 x 4,139.7,,4.0,0.001704,3.926600000000001e-06,5.621e-05,7.3679e-05,3.926600000000001e-06,5.621e-05,7.3679e-05,7.853200000000001e-06,0.0010848000921143586,0.0010848000921143586
Tci 139.7 x 5,139.7,,5.0,0.002115,4.80298e-06,6.876e-05,9.0762e-05,4.80298e-06,6.876e-05,9.0762e-05,9.606000000000001e-06,0.0013464508185574346,0.0013464508185574346
Tci 152.4 x 3,152.4,,3.0,0.00141,3.9300000000000005e-06,5.16e-05,6.7e-05,3.9300000000000005e-06,5.16e-05,6.7e-05,7.860000000000001e-06,0.0008976338790382898,0.0008976338790382898
Tci 152.4 x 4,152.4,,4.0,0.0018600000000000003,5.14e-06,6.74e-05,8.809999999999999e-05,5.14e-06,6.74e-05,8.809999999999999e-05,1.027e-05,0.0011841127766037015,0.0011841127766037015
Tci 152.4 x 5,152.4,,5.0,0.00232,6.3e-06,8.259999999999999e-05,0.00010899999999999999,6.3e-06,8.259999999999999e-05,0.00010899999999999999,1.259e-05,0.0014769578718927887,0.0014769578718927887
Tci 152.4 x 6,152.4,,6.0,0.0027600000000000003,7.41e-06,9.72e-05,0.000129,7.41e-06,9.72e-05,0.000129,1.481e-05,0.0017570705717345249,0.0017570705717345249
Tci 168.3 x 3,168.3,,3.0,0.001557,5.3201300000000005e-06,6.322e-05,8.198099999999999e-05,5.3201300000000005e-06,6.322e-05,8.198099999999999e-05,1.06403e-05,0.0009912169855763242,0.0009912169855763242
Tci 168.3 x 4,168.3,,4.0,0.0020640000000000003,6.967380000000001e-06,8.28e-05,0.000107999,6.967380000000001e-06,8.28e-05,0.000107999,1.39348e-05,0.0013139832101666882,0.0013139832101666882
Tci 168.3 x 5,168.3,,5.0,0.0025640000000000003,8.55412e-06,0.00010165,0.000133376,8.55412e-06,0.00010165,0.000133376,1.71082e-05,0.0016322930963504787,0.0016322930963504787
Tci 193.7 x 3,193.7,,3.0,0.0018000000000000002,8.17e-06,8.44e-05,0.00010899999999999999,8.17e-06,8.44e-05,0.00010899999999999999,1.634e-05,0.0011459155902616466,0.0011459155902616466
Tci 193.7 x 3.2,193.7,,3.2,0.00192,8.69e-06,8.97e-05,0.000116,8.69e-06,8.97e-05,0.000116,1.738e-05,0.0012223099629457563,0.0012223099629457563
Tci 193.7 x 4,193.7,,4.0,0.002383,1.072247e-05,0.00011070999999999999,0.000143966,1.072247e-05,0.00011070999999999999,0.000143966,2.14449e-05,0.0015170649175519466,0.0015170649175519466
Tci 193.7 x 5,193.7,,5.0,0.002963,1.3195630000000002e-05,0.00013625,0.00017808,1.3195630000000002e-05,0.00013625,0.00017808,2.6391300000000003e-05,0.0018863043855251436,0.0018863043855251436
Tci 219.1 x 3,219.1,,3.0,0.00204,1.189e-05,0.00010899999999999999,0.00014,1.189e-05,0.00010899999999999999,0.00014,2.378e-05,0.001298704335629866,0.001298704335629866
Tci 219.1 x 3.2,219.1,,3.2,0.00217,1.2650000000000001e-05,0.00011499999999999999,0.000149,1.2650000000000001e-05,0.00011499999999999999,0.000149,2.5300000000000002e-05,0.0013814649060376516,0.0013814649060376516
Tci 219.1 x 4,219.1,,4.0,0.002702,1.563043e-05,0.00014268,0.00018509299999999997,1.563043e-05,0.00014268,0.00018509299999999997,3.1260900000000004e-05,0.001720146624937205,0.001720146624937205
Tci 219.1 x 5,219.1,,5.0,0.0033610000000000003,1.927065e-05,0.00017591,0.00022923599999999999,1.927065e-05,0.00017591,0.00022923599999999999,3.85413e-05,0.0021396790549274413,0.0021396790549274413
Tci 244.5 x 4,244.5,,4.0,0.00302,2.186e-05,0.000179,0.00023099999999999998,2.186e-05,0.000179,0.00023099999999999998,4.371e-05,0.0019225917125500957,0.0019225917125500957
Tci 273 x 4,273.0,,4.0,0.0033799999999999998,3.058e-05,0.000224,0.000289,3.058e-05,0.000224,0.000289,6.116e-05,0.002151774830602425,0.002151774830602425
Tci 273 x 5,273.0,,5.0,0.004208,3.778898e-05,0.00027684,0.00035916199999999995,3.778898e-05,0.00027684,0.00035916199999999995,7.5578e-05,0.0026788960021227825,0.0026788960021227825
Tci 273 x 6,273.0,,6.0,0.00503,4.484809e-05,0.00032856,0.000427806,4.484809e-05,0.00032856,0.000427806,8.96962e-05,0.003202197455008934,0.003202197455008934
Tci 323.9 x 4,323.9,,4.0,0.00402,5.143e-05,0.000318,0.00040899999999999997,5.143e-05,0.000318,0.00040899999999999997,0.00010286,0.0025592114849176772,0.0025592114849176772
Tci 323.9 x 6,323.9,,6.0,0.005989,7.568628e-05,0.00046733999999999995,0.000606434,7.568628e-05,0.00046733999999999995,0.000606434,0.0001513726,0.0038127158167094452,0.0038127158167094452
Tci 355.6 x 5,355.6,,5.0,0.005504,8.459286e-05,0.00047578,0.000614643,8.459286e-05,0.00047578,0.000614643,0.0001691857,0.003503955227111168,0.003503955227111168
Tci 355.6 x 6,355.6,,6.0,0.006586,0.00010065447000000001,0.00056611,0.000733393,0.00010065447000000001,0.00056611,0.000733393,0.00020130889999999999,0.004192777820812891,0.004192777820812891
Tci 406.4 x 5,406.4,,5.0,0.0063100000000000005,0.00012701,0.000625,0.000806,0.00012701,0.000625,0.000806,0.00025401,0.004017070763639438,0.004017070763639438
Tci 406.4 x 6,406.4,,6.0,0.007544,0.00015120656000000001,0.00074413,0.000961993,0.00015120656000000001,0.00074413,0.000961993,0.0003024131,0.004802659562741034,0.004802659562741034
Tci 457.2 x 6.3,457.2,,6.3,0.00892,0.00022672828,0.0009918099999999999,0.001280941,0.00022672828,0.0009918099999999999,0.001280941,0.0004534566,0.005678648369518827,0.005678648369518827
Tci 508 x 6.3,508.0,,6.3,0.009925,0.00031230648,0.0012295499999999998,0.0015858119999999998,0.00031230648,0.0012295499999999998,0.0015858119999999998,0.000624613,0.006318451240748245,0.006318451240748245
s Tca 15 x 15x 1.5,15.0,15.0,1.5,7.52e-09,2.1900000000000002e-17,2.9199999999999997e-13,3.7e-13,2.1900000000000002e-17,2.9199999999999997e-13,3.7e-13,3.85e-17,3.76e-09,3.76e-09
