designation,is_welded,is_angle,h,b,tw,tf,r,d,A,Iy,Wel_y,Wpl_y,Iz,Wel_z,Wpl_z,It,IW,Sw_w,Av_y,Av_z,iy,iz,ys,ym
UPE 80,0,0,80.0,50.0,4.0,7.0,10.0,46.0,0.00101,1.072e-06,2.68e-05,3.123e-05,2.541e-07,7.98e-06,1.428e-05,1.47e-08,2.2e-10,1.4157360000000005e-07,0.0007,0.000405,32.599999999999994,15.9,18.2,37.1
UPE 100,0,0,100.0,55.0,4.5,7.5,10.0,65.0,0.00125,2.069e-06,4.137e-05,4.801e-05,3.821e-07,1.0630000000000002e-05,1.934e-05,2.01e-08,5.3e-10,2.416518750000001e-07,0.000825,0.000534,40.7,17.5,19.1,39.3
UPE 120,0,0,120.0,60.0,5.0,8.0,12.0,80.0,0.00154,3.635e-06,6.058e-05,7.033e-05,5.54e-07,1.3789999999999998e-05,2.528e-05,2.9e-08,1.12e-09,3.878496000000001e-07,0.0009599999999999,0.000718,48.6,19.0,19.8,41.2
UPE 140,0,0,140.0,65.0,5.0,9.0,12.0,98.0,0.0018399999999999,5.995e-06,8.564e-05,9.884e-05,7.87e-07,1.819e-05,3.322e-05,4.05e-08,2.2000000000000003e-09,5.905903499999999e-07,0.00117,0.000825,57.1,20.7,21.7,45.4
UPE 160,0,0,160.0,70.0,5.5,9.5,12.0,117.0,0.00217,9.111e-06,0.0001139,0.0001316,1.068e-06,2.258e-05,4.149e-05,5.2e-08,3.9599999999999996e-09,8.501702000000001e-07,0.00133,0.001004,64.8,22.2,22.7,47.6
UPE 180,0,0,180.0,75.0,5.5,10.5,12.0,135.0,0.00251,1.353e-05,0.0001504,0.000173,1.437e-06,2.856e-05,5.23e-05,6.99e-08,6.8099999999999994e-09,1.1954675250000005e-06,0.001575,0.00112,73.39999999999999,23.9,24.7,51.9
UPE 200,0,0,200.0,80.0,6.0,11.0,13.0,152.0,0.0029,1.909e-05,0.0001909,0.0002200999999999,1.873e-06,3.443e-05,6.328e-05,8.890000000000002e-08,1.1e-08,1.6276480000000006e-06,0.00176,0.00135,81.1,25.4,25.6,54.1
UPE 220,0,0,220.0,85.0,6.5,12.0,13.0,170.0,0.00339,2.682e-05,0.0002439,0.0002815,2.464e-06,4.251e-05,7.825e-05,1.205e-07,1.761e-08,2.2202400000000006e-06,0.00204,0.001581,89.0,27.0,27.0,57.0
UPE 240,0,0,240.0,90.0,7.0,12.5,15.0,185.0,0.00385,3.599e-05,0.0002998999999999,0.0003469,3.109e-06,5.008e-05,9.218e-05,1.514e-07,2.642e-08,2.8923074999999995e-06,0.00225,0.001877,96.7,28.4,27.9,59.1
UPE 270,0,0,270.0,95.0,7.5,13.5,15.0,213.0,0.00448,5.255e-05,0.0003892,0.0004511,4.01e-06,6.069e-05,0.0001115999999999,1.991e-07,4.355e-08,3.9814426125e-06,0.002565,0.002223,108.3,29.9,28.9,61.39999999999999
UPE 300,0,0,300.0,100.0,9.5,15.0,15.0,240.0,0.00566,7.823e-05,0.0005215,0.0006134,5.377e-06,7.558e-05,0.0001365999999999,3.152e-07,7.265999999999999e-08,5.687111250000002e-06,0.003,0.003029,117.6,30.8,28.9,60.3
UPE 330,0,0,330.0,105.0,11.0,16.0,18.0,262.0,0.00678,0.0001101,0.0006671,0.0007919,6.815e-06,8.965999999999999e-05,0.0001562,4.518e-07,1.118e-07,7.624320000000002e-06,0.0033599999999999,0.003881,127.4,31.7,29.0,60.0
UPE 360,0,0,360.0,110.0,12.0,17.0,18.0,290.0,0.00779,0.0001483,0.0008236,0.0009823,8.437e-06,0.0001051,0.0001778,5.849e-07,1.664e-07,9.8655777e-06,0.00374,0.004561,137.89999999999998,32.9,29.7,61.2
UPE 400,0,0,400.0,115.0,13.5,18.0,18.0,328.0,0.00919,0.0002098,0.001049,0.001263,1.045e-05,0.0001226,0.0001914,7.914e-07,2.59e-07,1.3066272000000002e-05,0.00414,0.00562,151.1,33.7,29.8,60.6
UPN 80,0,0,80.0,45.0,6.0,8.0,8.0,47.0,0.001102,1.06e-06,2.6600000000000003e-05,3.23e-05,1.94e-07,6.38e-06,1.19e-05,2.2000000000000002e-08,1.8e-10,1.5178239999999997e-07,0.0006965309649148,0.00049,31.0,13.3,14.2,26.5
UPN 100,0,0,100.0,50.0,6.0,8.5,8.5,64.0,0.00135,2.06e-06,4.1200000000000005e-05,4.9e-05,2.93e-07,8.49e-06,1.62e-05,2.81e-08,4.1e-10,2.529281250000001e-07,0.0008329900346109,0.000646,39.1,14.7,15.5,29.3
UPN 120,0,0,120.0,55.0,7.0,9.0,9.0,82.0,0.0017,3.64e-06,6.0700000000000005e-05,7.259999999999999e-05,4.32e-07,1.11e-05,2.12e-05,4.15e-08,9e-10,4.106699999999999e-07,0.0009652345024703,0.00088,46.2,15.9,16.0,30.3
UPN 140,0,0,140.0,60.0,7.0,10.0,10.0,98.0,0.0020399999999999,6.05e-06,8.64e-05,0.000103,6.27e-07,1.48e-05,2.83e-05,5.68e-08,1.8e-09,6.321875e-07,0.0011710796326794,0.001041,54.5,17.5,17.5,33.7
UPN 160,0,0,160.0,65.0,7.5,10.5,10.5,115.0,0.0024,9.25e-06,0.000116,0.000138,8.529999999999999e-07,1.83e-05,3.52e-05,7.389999999999999e-08,3.26e-09,9.120552e-07,0.0013326802950291,0.00126,62.1,18.9,18.4,35.6
UPN 180,0,0,180.0,70.0,8.0,11.0,11.0,133.0,0.0028,1.35e-05,0.00015,0.000179,1.14e-06,2.24e-05,4.29e-05,9.55e-08,5.57e-09,1.2774168000000002e-06,0.0015080663555421,0.001509,69.5,20.2,19.2,37.5
UPN 200,0,0,200.0,75.0,8.5,11.5,11.5,151.0,0.00322,1.91e-05,0.000191,0.000228,1.48e-06,2.7e-05,5.18e-05,1.1900000000000001e-07,9.07e-09,1.7330557499999998e-06,0.0016842378142186,0.001771,77.0,21.4,20.1,39.4
UPN 220,0,0,220.0,80.0,9.0,12.5,12.5,167.0,0.00374,2.69e-05,0.000245,0.000292,1.97e-06,3.3600000000000004e-05,6.41e-05,1.6e-07,1.46e-08,2.3608474999999994e-06,0.0019449369260617,0.002062,84.80000000000001,23.0,21.4,42.0
UPN 240,0,0,240.0,85.0,9.5,13.0,13.0,184.0,0.0042299999999999,3.6e-05,0.0003,0.000358,2.48e-06,3.96e-05,7.57e-05,1.97e-07,2.2100000000000006e-08,3.0664062e-06,0.0021624645792283,0.002371,92.2,24.2,22.3,43.9
UPN 260,0,0,260.0,90.0,10.0,14.0,14.0,200.0,0.00483,4.82e-05,0.000371,0.000442,3.17e-06,4.77e-05,9.16e-05,2.55e-07,3.33e-08,4.0121536000000006e-06,0.0024658760800517,0.002712,99.9,25.6,23.6,46.6
UPN 280,0,0,280.0,95.0,10.0,15.0,15.0,216.0,0.00533,6.28e-05,0.000448,0.000532,3.99e-06,5.72e-05,0.000109,3.1e-07,4.85e-08,5.1009945e-06,0.0027734291735288,0.002928,109.0,27.4,25.3,50.2
UPN 300,0,0,300.0,100.0,10.0,16.0,16.0,232.0,0.00588,8.03e-05,0.000535,0.000632,4.95e-06,6.78e-05,0.00013,3.74e-07,6.909999999999999e-08,6.3948e-06,0.0031301238596594,0.003177,117.0,29.0,27.0,54.1
UPN 320,0,0,320.0,100.0,14.0,17.5,17.5,246.0,0.00758,0.0001087,0.000679,0.000826,5.97e-06,8.06e-05,0.000152,6.67e-07,9.61e-08,7.666400000000002e-06,0.0035145563750809,0.004711,121.0,28.1,26.0,48.2
UPN 350,0,0,350.0,100.0,14.0,16.0,16.0,282.0,0.00773,0.0001284,0.000734,0.000918,5.7e-06,7.5e-05,0.000143,6.12e-07,1.14e-07,8.086400000000001e-06,0.0032241238596594,0.005084,129.0,27.200000000000003,24.0,44.5
UPN 380,0,0,380.0,102.0,13.5,16.0,16.0,313.0,0.00804,0.0001576,0.000829,0.001014,6.15e-06,7.87e-05,0.000148,5.91e-07,1.46e-07,9.2951648e-06,0.0032726238596594,0.005323,140.0,27.7,23.8,45.8
UPN 400,0,0,400.0,110.0,14.0,18.0,18.0,324.0,0.00915,0.0002035,0.00102,0.00124,8.46e-06,0.000102,0.00019,8.159999999999999e-07,2.21e-07,1.2550049999999997e-05,0.0039709380098815,0.005855,149.0,30.4,26.5,51.1
U 40 x 20,0,0,40.0,20.0,5.0,5.5,5.0,19.0,0.000366,7.620000000000002e-08,3.81e-06,4.91e-06,1.15e-08,8.6e-07,1.65e-06,3.9e-09,3e-12,9.72895e-09,0.0002102699081698,0.000196,14.4,5.6000000000000005,6.7,10.3
U 50 x 25,0,0,50.0,25.0,5.0,6.0,6.0,26.0,0.000492,1.69e-07,6.76e-06,8.52e-06,2.5e-08,1.48e-06,2.84e-06,5.9e-09,9e-12,2.142075e-08,0.0002865486677646,0.000252,18.5,7.1,8.1,13.6
U 60 x 30,0,0,60.0,30.0,6.0,6.0,6.0,36.0,0.000646,3.17e-07,1.056e-05,1.33e-05,4.53e-08,2.16e-06,4.1900000000000005e-06,8.9e-09,2.4e-11,3.9689999999999993e-08,0.0003425486677646,0.000354,22.1,8.399999999999999,9.0,15.2
U 65 x 42,0,0,65.0,42.0,5.5,7.5,7.5,34.0,0.0009029999999999,5.77e-07,1.777e-05,2.17e-05,1.41e-07,5.06e-06,9.38e-06,1.6100000000000002e-08,8.2e-11,9.623371875000001e-08,0.0006093572933822,0.000368,25.3,12.5,13.9,25.8
CH 76 x 38 x 7,0,0,76.2,38.1,5.1,6.8,12.0,38.2,0.0008619999999999,7.51e-07,1.971e-05,2.37e-05,1.01e-07,3.78e-06,7.5e-06,1.6399999999999998e-08,9e-11,9.373643940000001e-08,0.0004829746710584,0.000434,29.5,10.8,11.2,20.7
CH 102 x 51 x 10,0,0,101.6,50.8,6.1,7.6,12.0,61.2,0.001316,2.06e-06,4.051e-05,4.8700000000000005e-05,2.77e-07,7.64e-06,1.49e-05,2.89e-08,4.4e-10,2.585886624e-07,0.0007344746710584,0.000662,39.5,14.499999999999998,14.2,27.1
CH 127 x 64 x 15,0,0,127.0,63.5,6.4,9.2,13.0,80.5,0.0018789999999999,4.77e-06,7.509e-05,8.91e-05,6.47e-07,1.45e-05,2.77e-05,5.21e-08,1.58e-09,5.994154889999999e-07,0.0011248645792283,0.000873,50.4,18.6,18.2,35.7
CH 152 x 76 x 18,0,0,152.4,76.2,6.4,9.0,14.0,103.0,0.002248,8.38e-06,0.00011,0.000129,1.09e-06,2e-05,3.83e-05,6.24e-08,3.95e-09,1.067667156e-06,0.0013254760800517,0.001048,61.1,22.1,20.4,41.2
CH 152 x 89 x 24,0,0,152.4,88.9,7.1,11.6,16.0,93.7,0.003002,1.154e-05,0.0001514,0.000177,2.1e-06,3.45e-05,6.37e-05,1.29e-07,7.21e-09,1.7098725264e-06,0.0019996538596594,0.00119,62.0,26.4,26.7,53.4
CH 178 x 76 x 21,0,0,177.8,76.2,6.6,10.3,16.0,123.0,0.002639,1.329e-05,0.0001495,0.000176,1.29e-06,2.36e-05,4.53e-05,8.87e-08,6.39e-09,1.4204285091500004e-06,0.0015061238596594,0.001275,70.99999999999999,22.1,20.5,41.39999999999999
CH 178 x 89 x 27,0,0,177.8,88.9,7.6,12.3,17.0,116.0,0.003379,1.735e-05,0.0001952,0.000229,2.34e-06,3.77e-05,7.09e-05,1.58e-07,1.11e-08,2.176885543350001e-06,0.0021149601384437,0.00147,71.69999999999999,26.3,25.8,51.6
CH 203 x 76 x 24,0,0,203.2,76.2,7.1,11.2,17.0,144.0,0.003028,1.948e-05,0.0001917,0.000227,1.46e-06,2.63e-05,5.08e-05,1.15e-07,9.55e-09,1.7970260224e-06,0.0016401601384437,0.001557,80.19999999999999,22.0,20.0,40.2
CH 203 x 89 x 30,0,0,203.2,88.9,8.1,12.9,17.5,139.0,0.00376,2.469e-05,0.000243,0.000286,2.56e-06,4.06e-05,7.72e-05,1.8800000000000002e-07,1.6100000000000002e-08,2.6925853692e-06,0.0022191563750809,0.001768,80.99999999999999,26.1,24.8,49.8
CH 229 x 76 x 26,0,0,228.6,76.2,7.6,11.2,17.5,169.0,0.003314,2.608e-05,0.0002281,0.000272,1.52e-06,2.67e-05,5.17e-05,1.28e-07,1.3e-08,2.1162645000000008e-06,0.0016321563750809,0.00185,88.69999999999999,21.4,18.7,37.6
CH 229 x 89 x 33,0,0,228.6,88.9,8.6,13.3,19.0,161.0,0.004143,3.364e-05,0.0002943,0.000349,2.74e-06,4.25e-05,8.190000000000001e-05,2.2e-07,2.24e-08,3.231194248800001e-06,0.0022766574739729,0.002105,90.1,25.7,23.7,47.5
CH 245 x 76 x 28,0,0,254.0,76.2,8.1,10.9,19.0,192.0,0.003594,3.361e-05,0.0002646,0.000319,1.53e-06,2.61e-05,5.12e-05,1.44e-07,1.69e-08,2.401213701500001e-06,0.0015760574739729,0.002178,96.7,20.6,17.299999999999997,34.4
CH 245 x 89 x 36,0,0,254.0,88.9,9.1,13.6,20.4,183.0,0.004535,4.435e-05,0.0003492,0.000416,2.89e-06,4.41e-05,8.52e-05,2.56e-07,3e-08,3.784675184000001e-06,0.0023198025993589,0.0024649999999999,98.9,25.3,22.7,45.2
CH 305 x 89 x 42,0,0,304.8,88.9,10.2,13.7,25.7,227.0,0.0053,7.036e-05,0.0004617,0.000572,3.04e-06,4.45e-05,9.29e-05,3.99e-07,5.72e-08,4.8129914154000005e-06,0.0021768352658847,0.003374,115.2,24.0,21.0,41.9
CH 305 x 102 x 46,0,0,304.8,101.6,10.2,14.8,26.7,222.0,0.00581,8.078e-05,0.00053,0.000652,4.72e-06,6.170000000000001e-05,0.000128,4.95e-07,8.63e-08,6.513941760000001e-06,0.0026949449934088,0.003417,117.9,28.5,25.6,52.5
CH 305 x 102 x 55,0,0,381.0,101.6,10.4,16.3,28.2,292.0,0.0069549999999999,0.0001473,0.0007731,0.000952,5.46e-06,7.03e-05,0.000145,6.28e-07,1.57e-07,9.27708587175e-06,0.0029903200709203,0.004317,145.5,28.0,24.3,49.9
CH 432 x 102 x 65,0,0,431.8,101.6,12.2,16.8,24.0,350.0,0.008237,0.0002097,0.0009712,0.00122,5.99e-06,7.56e-05,0.000153,7.440000000000001e-07,2.22e-07,1.12897918476e-05,0.0031341786842338,0.005526,160.0,27.0,22.7,45.3
PFC 100 x 50 x 10,0,0,100.0,50.0,5.0,8.5,9.0,65.0,0.0013,2.077e-06,4.154e-05,4.887e-05,3.23e-07,9.89e-06,1.824e-05,2.53e-08,4.4e-10,2.2722412500000013e-07,0.00085,0.000569,40.0,15.8,17.299999999999997,34.8
PFC 125 x 65 x 15,0,0,125.0,65.0,5.5,9.5,12.0,82.0,0.00188,4.831e-06,7.729e-05,8.988e-05,8.002e-07,1.882e-05,3.433e-05,4.72e-08,1.74e-09,5.362304687500001e-07,0.001235,0.000811,50.7,20.6,22.5,46.1
PFC 150 x 75 x 18,0,0,150.0,75.0,5.5,10.0,12.0,106.0,0.002277,8.61e-06,0.0001148,0.0001320999999999,1.31e-06,2.661e-05,4.831e-05,6.099999999999999e-08,4.24e-09,9.077399999999996e-07,0.0015,0.0009519999999999,61.5,24.0,25.8,53.7
PFC 150 x 90 x 24,0,0,150.0,90.0,6.5,12.0,12.0,102.0,0.003041,1.162e-05,0.0001549,0.0001786,2.532e-06,4.445e-05,7.95e-05,1.1800000000000001e-07,8.15e-09,1.4620500000000005e-06,0.00216,0.001103,61.8,28.9,32.99999999999999,67.69999999999999
PFC 180 x 75 x 20,0,0,180.0,75.0,6.0,10.5,12.0,135.0,0.002591,1.37e-05,0.0001521999999999,0.0001762,1.464e-06,2.876e-05,5.295e-05,7.34e-08,6.92e-09,1.224157725e-06,0.001575,0.001205,72.69999999999999,23.8,24.1,50.49999999999999
PFC 180 x 90 x 26,0,0,180.0,90.0,6.5,12.5,12.0,131.0,0.003319,1.817e-05,0.0002019,0.0002321,2.767e-06,4.744e-05,8.588e-05,1.331e-07,1.303e-08,1.911875625e-06,0.00225,0.001301,74.0,28.9,31.7,65.6
PFC 200 x 75 x 23,0,0,200.0,75.0,6.0,12.5,12.0,151.0,0.002987,1.963e-05,0.0001963,0.000227,1.7e-06,3.384e-05,6.222999999999999e-05,1.109e-07,9.89e-09,1.5750250000000002e-06,0.001875,0.0013369999999999,81.1,23.9,24.8,51.6
PFC 200 x 90 x 30,0,0,200.0,90.0,7.0,14.0,12.0,148.0,0.003786,2.523e-05,0.0002523,0.0002913,3.139e-06,5.34e-05,9.746e-05,1.829e-07,1.8190000000000003e-08,2.420208e-06,0.00252,0.001532,81.6,28.8,31.2,64.4
PFC 230 x 75 x 26,0,0,230.0,75.0,6.5,12.5,12.0,181.0,0.0032689999999999,2.748e-05,0.000239,0.0002784,1.81e-06,3.481e-05,6.411e-05,1.182e-07,1.416e-08,1.9435000000000005e-06,0.001875,0.001626,91.7,23.5,23.0,48.2
PFC 230 x 90 x 32,0,0,230.0,90.0,7.5,14.0,12.0,178.0,0.004097,3.518e-05,0.0003058999999999,0.0003547,3.3410000000000003e-06,5.497e-05,0.0001015,1.9310000000000003e-07,2.595e-08,2.9757952000000003e-06,0.00252,0.00185,92.7,28.6,29.2,60.7
PFC 260 x 75 x 28,0,0,260.0,75.0,7.0,12.0,12.0,212.0,0.003514,3.619e-05,0.0002784,0.0003278,1.855e-06,3.436e-05,6.124e-05,1.173e-07,1.903e-08,2.27448e-06,0.0017999999999999,0.001942,101.5,23.0,21.0,44.3
PFC 260 x 90 x 35,0,0,260.0,90.0,8.0,14.0,12.0,208.0,0.004438,4.728e-05,0.0003637,0.0004246,3.525e-06,5.629e-05,0.0001036,2.057e-07,3.555e-08,3.5660715999999987e-06,0.00252,0.002198,103.2,28.2,27.4,57.2
PFC 300 x 90 x 41,0,0,300.0,90.0,9.0,15.5,12.0,245.0,0.005273,7.218e-05,0.0004812,0.0005677999999999,4.039e-06,6.311999999999999e-05,0.0001137,2.877e-07,5.48e-08,4.7616e-06,0.00279,0.0028079999999999,117.0,27.7,26.0,53.89999999999999
PFC 300 x 100 x 46,0,0,300.0,100.0,9.0,16.5,15.0,237.0,0.0058,8.229e-05,0.0005486,0.0006407,5.678e-06,8.172e-05,0.0001504,3.6840000000000004e-07,7.57e-08,5.977434375000003e-06,0.0033,0.002896,119.1,31.3,30.5,63.6
PFC 380 x 100 x 54,0,0,380.0,100.0,9.5,17.5,15.0,315.0,0.006874,0.0001503,0.0007913,0.0009334,6.43e-06,8.918000000000001e-05,0.0001582,4.5660000000000005e-07,1.418e-07,8.642356625000004e-06,0.0035,0.003803,147.89999999999998,30.6,27.9,58.6
PFC 430 x 100 x 64,0,0,430.0,100.0,11.0,19.0,15.0,362.0,0.008209,0.0002194,0.00102,0.001222,7.225e-06,9.79e-05,0.000159,6.3e-07,2.0780000000000002e-07,1.1124353700000002e-05,0.0038,0.004903,163.5,29.7,26.2,54.0
C 75 x 6.1,0,0,76.2,35.0,4.3,6.9,,38.0,0.000781,6.911e-07,1.814e-05,2.17e-05,7.96e-08,3.27e-06,6.4000000000000006e-06,1.31e-08,7e-11,7.825709520000004e-08,0.00045334,0.0003779999999999,29.8,10.1,10.6,19.9
C 75 x 7.4,0,0,76.2,37.0,6.6,6.9,,38.0,0.000948,7.657999999999999e-07,2.01e-05,2.49e-05,9.630000000000001e-08,3.65e-06,7.360000000000001e-06,2.2000000000000002e-08,9e-11,9.161190720000001e-08,0.00044508,0.000533,28.5,10.1,10.6,18.3
C 75 x 8.9,0,0,76.2,40.0,9.0,6.9,,38.0,0.00113,8.637000000000001e-07,2.267e-05,2.87e-05,1.2099999999999998e-07,4.1900000000000005e-06,8.8e-06,4.14e-08,1.1e-10,1.0826993205000003e-07,0.0004442,0.0007,27.6,10.3,11.3,17.599999999999998
C 100 x 8,0,0,101.6,40.0,4.7,7.5,,66.0,0.00103,1.6030000000000002e-06,3.156e-05,3.78e-05,1.3800000000000004e-07,4.89e-06,9.4e-06,1.67e-08,2.2e-10,1.54733625e-07,0.00055248,0.0005139999999999,39.7,11.599999999999998,11.499999999999998,22.1
C 100 x 10.8,0,0,101.6,43.0,8.2,7.5,,60.0,0.00137,1.908e-06,3.756e-05,4.7e-05,1.74e-07,5.48e-06,1.13e-05,4.25e-08,3e-10,1.91431545e-07,0.00053688,0.000859,37.2,11.2,11.3,19.0
C 130 x 10.4,0,0,127.0,47.0,4.8,8.1,,83.0,0.0012699999999999,3.324e-06,5.234e-05,6.18e-05,2.43e-07,7.190000000000001e-06,1.41e-05,2.7200000000000002e-08,6.2e-10,2.9904566175e-07,0.0006603999999999,0.000681,50.1,13.6,12.9,25.3
C 130 x 13,0,0,127.0,48.0,8.3,8.1,,86.0,0.0017,3.713e-06,5.847e-05,7.309999999999999e-05,2.74e-07,7.65e-06,1.53e-05,4.9e-08,7.3e-10,3.3144971175e-07,0.0006458999999999,0.001071,46.6,12.7,12.1,21.1
C 150 x 12.2,0,0,152.4,48.0,5.1,8.7,,107.0,0.00155,5.484e-06,7.2e-05,8.56e-05,2.92e-07,8.3e-06,1.6100000000000002e-05,3.3700000000000004e-08,1.0900000000000002e-09,4.1538494520000004e-07,0.0007727599999999,0.00085,59.4,13.7,12.6,24.9
C 150 x 15.6,0,0,152.4,51.0,8.0,8.7,,107.0,0.00199,6.3e-06,8.268e-05,0.000103,3.6e-07,9.36e-06,1.87e-05,5.96e-08,1.4e-09,4.938770411999999e-07,0.0007707999999999,0.001258,56.3,13.5,12.4,22.3
C 150 x 19.3,0,0,152.4,54.0,11.1,8.7,,105.0,0.00247,7.207999999999999e-06,9.459e-05,0.000121,4.24e-07,1.03e-05,2.21e-05,1.203e-07,1.72e-09,5.626504368e-07,0.0007783599999999,0.0017079999999999,54.1,13.1,12.8,20.2
C 180 x 14.6,0,0,177.8,53.0,5.3,9.3,,130.0,0.00185,8.955e-06,0.0001007,0.00012,4.270000000000001e-07,1.09e-05,2.11e-05,4.39e-08,2.1800000000000003e-09,6.417223386000003e-07,0.00090766,0.001022,69.4,15.2,13.6,27.3
C 180 x 18.2,0,0,177.8,55.0,8.0,9.3,,130.0,0.00232,1.007e-05,0.0001133,0.00014,4.92e-07,1.18e-05,2.34e-05,7.25e-08,2.62e-09,7.257428398500002e-07,0.0008975999999999,0.001471,65.89999999999999,14.6,13.1,24.1
C 180 x 22,0,0,177.8,58.0,10.6,9.3,,125.0,0.00279,1.143e-05,0.0001285999999999,0.000163,5.68e-07,1.27e-05,2.7e-05,1.392e-07,3.19e-09,8.259804346500004e-07,0.0009053199999999,0.0019309999999999,63.89999999999999,14.2,13.3,22.1
C 200 x 17.1,0,0,203.0,57.0,5.6,9.9,,156.0,0.00218,1.34e-05,0.000132,0.000156,5.38e-07,1.26e-05,2.76e-05,5.86e-08,3.79e-09,9.117807930000004e-07,0.0010432,0.001323,78.6,15.7,14.4,31.9
C 200 x 20.5,0,0,203.0,59.0,7.7,9.9,,156.0,0.00261,1.49e-05,0.000147,0.000177,6.2e-07,1.37e-05,3e-05,7.599999999999999e-08,4.5e-09,1.0219374742500002e-06,0.0010469,0.001666,75.7,15.4,13.9,29.0
C 200 x 27.9,0,0,203.0,64.0,12.4,9.9,,156.0,0.00355,1.82e-05,0.000179,0.000226,8.170000000000001e-07,1.64e-05,3.59e-05,1.787e-07,6e-09,1.24103496825e-06,0.0010328,0.0026,71.5,15.1,14.3,25.1
C 230 x 19.9,0,0,228.6,61.0,5.9,10.5,,177.0,0.0025399999999999,1.991e-05,0.0001741999999999,0.000208,7.609999999999999e-07,1.67e-05,3.19e-05,7.08e-08,6.469999999999999e-09,1.2697586999999998e-06,0.0011912599999999,0.001438,88.6,17.299999999999997,15.0,30.5
C 230 x 22,0,0,228.6,63.0,7.2,10.5,,177.0,0.00285,2.132e-05,0.0001865,0.000226,8.529999999999999e-07,1.7800000000000002e-05,3.43e-05,8.800000000000002e-08,7.389999999999998e-09,1.3883395207500006e-06,0.00120408,0.001718,86.6,17.299999999999997,14.9,29.3
C 230 x 30,0,0,228.6,67.0,11.4,10.5,,173.0,0.00379,2.544e-05,0.0002225,0.000282,1.03e-06,1.98e-05,4.1e-05,1.992e-07,9.52e-09,1.6413791467500005e-06,0.00118396,0.002644,81.89999999999999,16.499999999999996,14.7,25.2
C 250 x 22.8,0,0,254.0,65.0,6.1,11.1,,203.0,0.0029,2.77e-05,0.000218,0.000257,9.12e-07,1.85e-05,4.03e-05,9.15e-08,1.04e-08,1.7061881040000003e-06,0.0013506,0.001762,98.1,17.8,15.8,35.49999999999999
C 250 x 30,0,0,254.0,69.0,9.6,11.1,,203.0,0.00379,3.26e-05,0.000257,0.000315,1.14e-06,2.12e-05,4.65e-05,1.5689999999999998e-07,1.309e-08,2.0325688965e-06,0.0013516,0.002613,92.9,17.4,15.3,31.3
C 250 x 37,0,0,254.0,73.0,13.4,11.1,,203.0,0.00474,3.79e-05,0.000298,0.000377,1.38e-06,2.4e-05,5.260000000000001e-05,2.858e-07,1.6170000000000002e-08,2.322311586e-06,0.0013364,0.003517,89.3,17.0,15.6,28.0
C 250 x 45,0,0,254.0,76.0,17.1,11.1,,203.0,0.00569,4.27e-05,0.000336,0.000434,1.58e-06,2.65e-05,5.74e-05,4.884000000000001e-07,1.953e-08,2.5121488365000003e-06,0.0013465999999999,0.004402,86.8,16.7,16.299999999999997,25.3
C 310 x 30.8,0,0,305.0,74.0,7.2,12.7,,248.0,0.0039299999999999,5.34e-05,0.00035,0.000415,1.57e-06,2.77e-05,6.02e-05,1.603e-07,2.481e-08,3.1022474149999986e-06,0.0017339999999999,0.002446,117.0,20.0,17.4,39.1
C 310 x 37,0,0,305.0,77.0,9.8,12.7,,248.0,0.00474,5.97e-05,0.000391,0.000477,1.83e-06,3.05e-05,6.6e-05,2.191e-07,2.949e-08,3.48615e-06,0.001751,0.003126,112.0,19.7,17.0,35.8
C 310 x 45,0,0,305.0,80.0,13.0,12.7,,248.0,0.00569,6.72e-05,0.000441,0.000551,2.09e-06,3.32e-05,7.209999999999999e-05,3.919e-07,3.44e-08,3.843480375e-06,0.001725,0.004254,109.0,19.2,17.0,32.4
C 380 x 50.4,0,0,381.0,86.0,10.2,16.5,,308.0,0.00643,0.000131,0.000688,0.000825,3.34e-06,5.05e-05,0.000107,3.826e-07,8.339e-08,6.866759666250001e-06,0.0025438,0.003872,143.0,22.8,19.9,42.4
C 380 x 60,0,0,381.0,89.0,13.2,16.5,,308.0,0.00761,0.000144,0.000756,0.000934,3.79e-06,5.47e-05,0.000115,5.731000000000001e-07,9.644e-08,7.5477133462500014e-06,0.0025807999999999,0.005093,138.0,22.4,19.7,39.0
C 380 x 74,0,0,381.0,94.0,18.2,16.5,,308.0,0.00948,0.000167,0.000877,0.00112,4.54e-06,6.15e-05,0.00013,1.077e-06,1.182e-07,8.559761265e-06,0.0025458,0.00697,133.0,21.9,20.2,34.8
MC 150 x 17.9,0,0,152.0,63.0,7.9,9.5,,101.0,0.00228,7.73e-06,0.0001017,0.000123,6.979999999999999e-07,1.51e-05,2.96e-05,7.89e-08,2.6e-09,7.873012900000002e-07,0.0010791999999999,0.001269,58.3,17.5,16.299999999999997,31.1
MC 150 x 22.5,0,0,152.0,74.0,8.0,12.1,,89.0,0.00286,1.033e-05,0.0001359,0.000162,1.34e-06,2.58e-05,4.97e-05,1.4e-07,4.66e-09,1.2528814319999997e-06,0.001644,0.001342,60.1,21.6,21.8,42.1
MC 150 x 22.8,0,0,152.0,88.0,8.6,9.8,,91.7,0.0029,1.05e-05,0.0001382,0.000164,1.78e-06,2.79e-05,5.52e-05,1.29e-07,6.58e-09,1.568552524e-06,0.0015928,0.001415,60.1,24.8,23.1,45.4
MC 150 x 24.3,0,0,152.0,76.0,9.5,12.1,,88.2,0.00309,1.081e-05,0.0001422,0.000171,1.47e-06,2.72e-05,5.33e-05,1.71e-07,5.18e-09,1.3557157020000002e-06,0.001646,0.001553,59.1,21.7,21.7,41.1
MC 150 x 26.8,0,0,152.0,88.0,9.6,12.1,,85.4,0.00341,1.223e-05,0.0001609,0.000192,2.19e-06,3.54e-05,6.87e-05,1.97e-07,7.7e-09,1.807607142e-06,0.0019508,0.001584,59.9,25.4,25.3,48.8
MC 180 x 28.4,0,0,178.0,87.0,8.9,12.7,,110.0,0.00362,1.797e-05,0.0002019,0.000239,2.3e-06,3.74e-05,7.22e-05,2.02e-07,1.12e-08,2.2005584640000003e-06,0.0020358,0.001726,70.5,25.2,24.6,48.1
MC 180 x 33.8,0,0,178.0,91.0,12.8,12.7,,109.0,0.0043,1.973e-05,0.0002217,0.000271,2.71e-06,4.08e-05,8.09e-05,3.29e-07,1.36e-08,2.521834936e-06,0.0020216,0.002367,67.69999999999999,25.1,24.2,44.7
MC 200 x 12.6,0,0,203.0,47.0,4.5,7.9,,162.0,0.00161,9.712e-06,9.569e-05,0.000115,2.710000000000001e-07,7.53e-06,1.45e-05,2.54e-08,1.89e-09,5.282948632500001e-07,0.0006965,0.000974,77.69999999999999,13.0,10.7,21.9
MC 200 x 27.8,0,0,203.0,75.0,9.0,12.7,,140.0,0.00355,2.171e-05,0.0002139,0.000258,1.6e-06,2.93e-05,5.68e-05,1.7899999999999997e-07,1.04e-08,1.95678434525e-06,0.001723,0.001935,78.3,21.3,19.9,38.4
MC 200 x 29.8,0,0,203.0,76.0,10.2,12.7,,136.0,0.00379,2.261e-05,0.0002227,0.000271,1.67e-06,2.98e-05,5.87e-05,2.23e-07,1.12e-08,2.04294444725e-06,0.0017193999999999,0.002186,77.19999999999999,21.0,19.7,36.9
MC 200 x 31.8,0,0,203.0,87.0,9.5,13.3,,132.0,0.00405,2.555e-05,0.0002517,0.0003,2.51e-06,4e-05,7.8e-05,2.45e-07,1.62e-08,2.713102511e-06,0.0021214999999999,0.00208,79.4,24.9,23.6,46.1
MC 200 x 33.9,0,0,203.0,88.0,10.8,13.3,,130.0,0.00432,2.645e-05,0.0002606,0.000314,2.62e-06,4.07e-05,8.03e-05,2.98e-07,1.73e-08,2.82550609775e-06,0.0021276,0.002343,78.3,24.6,23.3,44.4
MC 230 x 35.6,0,0,229.0,87.0,10.2,14.0,,158.0,0.0045299999999999,3.547e-05,0.0003098,0.000373,2.75e-06,4.32e-05,8.379999999999999e-05,2.88e-07,2.29e-08,3.293211215e-06,0.0021941999999999,0.002473,88.39999999999999,24.6,22.9,44.3
MC 230 x 37.8,0,0,229.0,88.0,11.4,14.0,,155.0,0.00482,3.67e-05,0.0003205,0.000389,2.86e-06,4.39e-05,8.63e-05,3.45e-07,2.42e-08,3.42814374e-06,0.0022094,0.0027489999999999,87.3,24.4,22.6,42.8
MC 250 x 12.5,0,0,254.0,38.0,4.3,7.1,,215.0,0.00159,1.354e-05,0.0001065999999999,0.000132,1.41e-07,4.59e-06,9.14e-06,1.95e-08,1.7e-09,4.304760885e-07,0.0004978,0.001147,92.0,9.4,7.1,13.999999999999998
MC 250 x 33,0,0,254.0,84.0,7.4,14.6,,179.0,0.00416,4.31e-05,0.0003393999999999,0.000397,2.55e-06,4.22e-05,8.13e-05,2.44e-07,2.58e-08,3.449739100000001e-06,0.0022804,0.0021,101.3,24.6,23.0,46.5
MC 250 x 37,0,0,254.0,86.0,9.7,14.6,,186.0,0.00474,4.543e-05,0.0003576999999999,0.00043,2.85e-06,4.53e-05,8.65e-05,2.82e-07,2.89e-08,3.738298974999999e-06,0.0022762,0.002576,98.1,24.6,22.5,44.2
MC 250 x 42.4,0,0,254.0,100.0,10.8,14.6,,178.0,0.0054,5.257e-05,0.000414,0.000496,4.33e-06,5.9e-05,0.000114,3.82e-07,4.45e-08,5.104278844e-06,0.0026568,0.002903,98.7,28.3,25.8,50.9
MC 250 x 50,0,0,254.0,104.0,14.6,14.6,,178.0,0.00637,5.75e-05,0.0004528,0.000558,4.98e-06,6.379999999999999e-05,0.000126,5.8e-07,5.27e-08,5.713021974999999e-06,0.0026616,0.003792,95.2,28.0,25.5,47.4
MC 250 x 61.2,0,0,254.0,110.0,20.2,14.6,,170.0,0.0078099999999999,6.55e-05,0.0005158,0.000654,5.82e-06,6.92e-05,0.000146,1.24e-06,6.52e-08,6.557202151e-06,0.0026791999999999,0.005173,91.7,27.3,25.9,43.2
MC 310 x 15.8,0,0,305.0,38.0,4.8,7.8,,262.0,0.002,2.338e-05,0.0001533,0.000196,1.59e-07,5.0800000000000005e-06,1.08e-05,3.2e-08,3.22e-09,5.752481474999999e-07,0.000536,0.001546,107.79999999999998,8.9,6.9,13.0
MC 310 x 46,0,0,305.0,93.0,9.4,17.8,,225.0,0.00589,8.292e-05,0.0005437,0.000661,4.36e-06,6.5e-05,0.000129,5.34e-07,7.06e-08,6.0745216725e-06,0.003023,0.003137,120.0,27.4,26.1,53.2
MC 310 x 52,0,0,305.0,96.0,11.8,17.8,,218.0,0.00662,8.998e-05,0.0005901,0.000726,4.87e-06,6.87e-05,0.000138,7.009999999999999e-07,8.21e-08,6.7458718125e-06,0.003021,0.003908,116.7,27.1,25.5,50.0
MC 310 x 60,0,0,305.0,98.0,15.0,17.8,,214.0,0.00761,9.732e-05,0.0006382,0.000798,5.26e-06,7.15e-05,0.000146,9.77e-07,9.15e-08,7.272471240000003e-06,0.0030349999999999,0.004871,113.3,26.3,24.8,45.7
MC 310 x 67,0,0,305.0,102.0,18.0,17.8,,214.0,0.008502,0.0001051,0.000689,0.000873,5.97e-06,7.75e-05,0.000161,1.31e-06,1.05e-07,7.984552452499998e-06,0.003012,0.0057399999999999,111.0,26.5,25.3,44.1
MC 310 x 74,0,0,305.0,105.0,21.2,17.8,,222.0,0.00948,0.0001114,0.0007307,0.000939,6.64e-06,8.35e-05,0.000175,1.64e-06,1.16e-07,8.4920553725e-06,0.003014,0.006589,108.7,26.5,25.9,42.4
MC 330 x 47.3,0,0,330.0,102.0,9.5,15.5,,242.0,0.00603,9.986e-05,0.0006052,0.000739,5e-06,6.51e-05,0.000136,5.34e-07,1.07e-07,7.424985149999999e-06,0.0028949999999999,0.0035039999999999,128.7,28.8,25.8,53.4
MC 330 x 52,0,0,330.0,103.0,11.4,15.5,,242.0,0.00664,0.000105,0.0006361,0.000786,5.26e-06,6.7e-05,0.00014,6.45e-07,1.15e-07,7.779915e-06,0.002878,0.004105,125.8,28.2,25.0,50.3
MC 330 x 60,0,0,330.0,106.0,14.2,15.5,,236.0,0.007601,0.0001147,0.0006948999999999,0.00087,5.76e-06,7.02e-05,0.00015,9.55e-07,1.31e-07,8.4937771875e-06,0.002915,0.005043,122.7,27.5,24.5,46.7
MC 330 x 74,0,0,330.0,112.0,20.0,15.5,,247.0,0.00948,0.0001299,0.0007874,0.001016,7.08e-06,8.1e-05,0.000175,1.51e-06,1.58e-07,9.634409400000003e-06,0.0028799999999999,0.006778,117.4,27.4,25.2,42.99999999999999
MC 460 x 63.5,0,0,457.0,100.0,11.4,15.9,,366.0,0.00813,0.0002304,0.001008,0.001263,5.35e-06,6.740000000000001e-05,0.000141,7.33e-07,2.37e-07,1.1308560855750003e-05,0.0029201999999999,0.005574,168.79999999999998,25.7,21.1,42.3
MC 460 x 68.2,0,0,457.0,102.0,12.7,15.9,,370.0,0.0087099999999999,0.0002401,0.001051,0.00133,5.76e-06,7.09e-05,0.000149,8.179999999999999e-07,2.54e-07,1.1859764208e-05,0.0029060999999999,0.006116,166.4,25.8,21.2,41.5
MC 460 x 77.2,0,0,457.0,104.0,15.2,15.9,,366.0,0.00987,0.0002609,0.001142,0.001463,6.11e-06,7.32e-05,0.000159,1.16e-06,2.76e-07,1.2514385175e-05,0.0029236,0.007258,162.89999999999998,24.9,21.0,38.3
MC 460 x 86,0,0,457.0,107.0,17.8,15.9,,375.0,0.011,0.0002785,0.001219,0.001587,6.82e-06,7.93e-05,0.000173,1.41e-06,3.03e-07,1.3310698992000004e-05,0.0028653999999999,0.008324,160.0,25.0,21.4,36.8
U 200 x 200 x 20 x 20,1,0,200.0,200.0,20.0,20.0,0.0,160.0,0.0112,7.1893330078125e-05,0.0007189329833984,0.0008479580078125,4.52876220703125e-05,0.0003602420043945,0.0006239710083007,1.48447998046875e-06,2.73246e-07,1.58030041e-05,0.008,0.004,80.11895735969121,63.58881729399698,74.29,144.25
Cornière 20 x 20 x 3,1,1,20.0,20.0,3.0,3.0,3.5,,0.0001118999958038,3.8699999451637265e-09,2.770000100135803e-07,,3.8699999451637265e-09,2.770000100135803e-07,,3.700000047683716e-10,0.0,,6e-05,6e-05,5.880854632533346,5.880854632533346,8.48528137423857,2.701147904132611
Cornière 30 x 30 x 3,1,1,30.0,30.0,3.0,3.0,2.5,,0.0001735999941825,1.4060000181198122e-08,6.389999985694886e-07,,1.4060000181198122e-08,6.389999985694886e-07,,5.999999865889551e-10,0.0,,8.999999999999999e-05,8.999999999999999e-05,8.999488161442493,8.999488161442493,11.31370849898476,2.6870057685088824
Cornière 40 x 40 x 4,1,1,40.0,40.0,4.0,4.0,3.0,,0.0003078000068664,4.4699997901916506e-08,1.5420000553131105e-06,,4.4699997901916506e-08,1.5420000553131105e-06,,1.8299999833106994e-09,0.0,,0.00016,0.00016,12.050898783239775,12.050898783239775,15.556349186104043,3.4789653634378137
Cornière 50 x 50 x 5,1,1,50.0,50.0,5.0,5.0,3.5,,0.0004802000045776,1.095400047302246e-07,3.0429999828338625e-06,,1.095400047302246e-07,3.0429999828338625e-06,,4.390000104904175e-09,1e-12,,0.00025,0.00025,15.103419937443215,15.103419937443215,19.79898987322333,4.285067093990479
Cornière 60 x 60 x 6,1,1,60.0,60.0,6.0,6.0,4.0,,0.000690799999237,2.2774999618530277e-07,5.296000003814697e-06,,2.2774999618530277e-07,5.296000003814697e-06,,9.020000100135804e-09,2e-12,,0.0003599999999999,0.0003599999999999,18.15737340824188,18.15737340824188,24.04163056034261,5.105310960166872
Cornière 80 x 80 x 8,1,1,80.0,80.0,8.0,8.0,5.0,,0.0012265000343322,7.219999694824219e-07,1.266699981689453e-05,,7.219999694824219e-07,1.266699981689453e-05,,2.815000057220459e-08,1.2e-11,,0.00064,0.00064,24.262458595181084,24.262458595181084,32.526911934581186,6.717514421272202
Cornière 100 x 100 x 10,1,1,100.0,100.0,10.0,10.0,6.0,,0.0019150999069213,1.765220031738281e-06,2.4517000198364257e-05,,1.765220031738281e-06,2.4517000198364257e-05,,6.823999881744385e-08,4.4e-11,,0.001,0.001,30.360135533856727,30.360135533856727,39.59797974644666,8.343860018001259
Cornière 120 x 120 x 12,1,1,120.0,120.0,12.0,12.0,6.5,,0.0027538000106811,3.673940124511719e-06,4.272000122070312e-05,,3.673940124511719e-06,4.272000122070312e-05,,1.393299961090088e-07,1.33e-10,,0.0014399999999999,0.0014399999999999,36.52580855150519,36.52580855150519,48.08326112068523,9.857068529740474
